{"type":"FeatureCollection","features":[{"type":"Feature","properties":{},"geometry":{"type":"Polygon","coordinates":[[[96.493,5.229],[96.615,5.22],[96.843,5.274],[96.968,5.269],[97.086,5.23],[97.19,5.207],[97.451,5.236],[97.5,5.228],[97.547,5.206],[97.588,5.17],[97.707,5.04],[97.908,4.88],[97.967,4.777],[98.0,4.662],[98.021,4.635],[98.248,4.415],[98.273,4.322],[98.241,4.195],[98.307,4.093],[98.528,3.998],[98.659,3.928],[98.687,3.886],[98.706,3.835],[98.778,3.759],[98.869,3.71],[99.151,3.581],[99.521,3.311],[99.732,3.183],[99.907,2.988],[99.969,2.895],[100.021,2.794],[100.127,2.648],[100.307,2.467],[100.353,2.411],[100.401,2.332],[100.457,2.257],[100.524,2.189],[100.604,2.137],[100.685,2.12],[100.817,1.989],[100.888,1.948],[100.877,2.051],[100.817,2.14],[100.818,2.194],[100.828,2.243],[100.877,2.283],[100.936,2.295],[101.046,2.257],[101.225,2.102],[101.301,2.012],[101.358,1.887],[101.405,1.757],[101.477,1.693],[101.575,1.671],[101.684,1.661],[101.785,1.621],[102.02,1.442],[102.098,1.358],[102.157,1.259],[102.198,1.142],[102.223,1.019],[102.239,0.99],[102.39,0.842],[102.469,0.779],[102.566,0.749],[102.849,0.715],[102.949,0.664],[103.032,0.579],[103.067,0.492],[103.008,0.415],[102.786,0.298],[102.55,0.216],[102.78,0.244],[102.896,0.279],[103.003,0.332],[103.109,0.4],[103.277,0.495],[103.339,0.514],[103.412,0.507],[103.479,0.48],[103.579,0.387],[103.673,0.289],[103.743,0.174],[103.787,0.047],[103.706,-0.02],[103.589,-0.069],[103.429,-0.192],[103.412,-0.24],[103.444,-0.272],[103.405,-0.362],[103.495,-0.418],[103.509,-0.466],[103.431,-0.534],[103.439,-0.576],[103.533,-0.755],[103.578,-0.796],[103.721,-0.887],[103.94,-0.979],[104.061,-1.021],[104.199,-1.054],[104.258,-1.053],[104.361,-1.038],[104.381,-1.074],[104.426,-1.251],[104.447,-1.362],[104.478,-1.6],[104.519,-1.699],[104.516,-1.819],[104.569,-1.922],[104.676,-1.987],[104.791,-2.041],[104.845,-2.093],[104.845,-2.172],[104.826,-2.234],[104.787,-2.283],[104.668,-2.386],[104.647,-2.43],[104.631,-2.543],[104.651,-2.595],[104.698,-2.598],[104.736,-2.571],[104.878,-2.419],[104.917,-2.392],[104.971,-2.371],[105.026,-2.358],[105.287,-2.356],[105.397,-2.38],[105.495,-2.43],[105.582,-2.492],[105.899,-2.888],[106.044,-3.106],[106.056,-3.161],[106.058,-3.217],[106.034,-3.261],[105.901,-3.41],[105.885,-3.451],[105.844,-3.614],[105.852,-3.731],[105.896,-3.78],[105.93,-3.833],[105.928,-3.881],[105.841,-4.122],[105.831,-4.163],[105.887,-4.554],[105.891,-4.66],[105.879,-4.794],[105.887,-5.01],[105.816,-5.677],[105.803,-5.716],[105.748,-5.818],[105.677,-5.818],[105.619,-5.8],[105.578,-5.761],[105.556,-5.712],[105.523,-5.673],[105.349,-5.55],[105.304,-5.57],[105.128,-5.723],[105.081,-5.746],[105.023,-5.727],[104.93,-5.681],[104.64,-5.52],[104.622,-5.572],[104.618,-5.642],[104.676,-5.816],[104.684,-5.893],[104.631,-5.908],[104.602,-5.905],[104.481,-5.803],[104.37,-5.691],[104.243,-5.539],[104.15,-5.467],[104.067,-5.386],[103.831,-5.08],[103.77,-5.033],[103.406,-4.816],[103.332,-4.765],[103.239,-4.676],[103.139,-4.596],[102.919,-4.471],[102.538,-4.152],[102.372,-3.969],[102.188,-3.675],[102.128,-3.599],[101.818,-3.378],[101.649,-3.244],[101.579,-3.167],[101.414,-2.899],[101.366,-2.808],[101.306,-2.729],[101.206,-2.664],[101.119,-2.588],[100.944,-2.345],[100.89,-2.249],[100.848,-2.144],[100.855,-1.934],[100.487,-1.299],[100.394,-1.101],[100.308,-0.827],[100.289,-0.799],[100.088,-0.553],[100.017,-0.474],[99.931,-0.4],[99.86,-0.314],[99.721,-0.033],[99.67,0.045],[99.598,0.102],[99.335,0.209],[99.236,0.268],[99.159,0.352],[99.112,0.459],[99.06,0.686],[98.936,1.032],[98.796,1.495],[98.703,1.702],[98.595,1.865],[98.564,1.902],[98.087,2.195],[98.005,2.238],[97.919,2.264],[97.795,2.283],[97.701,2.359],[97.662,2.494],[97.641,2.676],[97.617,2.785],[97.591,2.847],[97.391,2.975],[97.313,3.077],[97.248,3.189],[97.188,3.276],[96.969,3.575],[96.894,3.654],[96.801,3.709],[96.525,3.767],[96.445,3.816],[96.311,3.986],[96.23,4.073],[95.988,4.263],[95.579,4.662],[95.495,4.761],[95.432,4.865],[95.381,4.976],[95.207,5.284],[95.221,5.346],[95.247,5.411],[95.243,5.464],[95.224,5.517],[95.228,5.565],[95.28,5.593],[95.396,5.629],[95.517,5.625],[95.629,5.609],[95.737,5.579],[95.841,5.515],[96.027,5.351],[96.133,5.294],[96.251,5.267],[96.493,5.229]]]}},{"type":"Feature","properties":{},"geometry":{"type":"Polygon","coordinates":[[[79.982,9.813],[80.078,9.807],[80.181,9.81],[80.253,9.796],[80.376,9.642],[80.711,9.366],[80.893,9.086],[80.91,9.025],[80.935,8.971],[80.979,8.957],[81.016,8.933],[81.198,8.662],[81.219,8.608],[81.216,8.549],[81.227,8.506],[81.275,8.484],[81.334,8.472],[81.373,8.431],[81.422,8.215],[81.422,8.148],[81.436,8.119],[81.665,7.782],[81.679,7.742],[81.676,7.711],[81.683,7.684],[81.727,7.625],[81.797,7.465],[81.832,7.428],[81.874,7.288],[81.877,7.02],[81.861,6.901],[81.819,6.756],[81.768,6.614],[81.713,6.512],[81.637,6.425],[81.38,6.241],[81.306,6.204],[80.971,6.088],[80.724,5.979],[80.496,5.949],[80.267,6.01],[80.095,6.153],[80.007,6.364],[79.947,6.585],[79.859,6.829],[79.792,7.585],[79.76,7.796],[79.708,8.066],[79.713,8.182],[79.75,8.294],[79.75,8.049],[79.783,8.018],[79.809,8.05],[79.832,8.304],[79.851,8.412],[79.942,8.692],[79.944,8.741],[79.928,8.846],[79.929,8.899],[80.065,9.096],[80.1,9.21],[80.118,9.327],[80.111,9.453],[80.086,9.578],[80.196,9.538],[80.256,9.495],[80.318,9.465],[80.368,9.48],[80.428,9.481],[80.385,9.549],[80.258,9.611],[80.046,9.65],[79.979,9.699],[79.954,9.742],[79.967,9.793],[79.982,9.813]]]}},{"type":"Feature","properties":{},"geometry":{"type":"Polygon","coordinates":[[[42.59,15.303],[42.559,15.281],[42.549,15.32],[42.57,15.407],[42.602,15.433],[42.625,15.368],[42.61,15.332],[42.59,15.303]]]}},{"type":"Feature","properties":{},"geometry":{"type":"Polygon","coordinates":[[[40.076,16.082],[40.11,15.986],[40.012,16.023],[39.996,16.043],[40.039,16.081],[40.048,16.104],[40.076,16.082]]]}},{"type":"Feature","properties":{},"geometry":{"type":"Polygon","coordinates":[[[36.902,25.383],[36.875,25.383],[36.805,25.451],[36.764,25.501],[36.722,25.534],[36.53,25.602],[36.504,25.645],[36.534,25.689],[36.554,25.645],[36.589,25.62],[36.748,25.559],[36.924,25.426],[36.955,25.415],[36.902,25.383]]]}},{"type":"Feature","properties":{},"geometry":{"type":"Polygon","coordinates":[[[36.596,25.713],[36.586,25.699],[36.544,25.734],[36.546,25.812],[36.583,25.856],[36.58,25.795],[36.596,25.735],[36.596,25.713]]]}},{"type":"Feature","properties":{},"geometry":{"type":"Polygon","coordinates":[[[101.319,2.988],[101.268,2.97],[101.265,2.996],[101.274,3.033],[101.311,3.067],[101.328,3.048],[101.319,2.988]]]}},{"type":"Feature","properties":{},"geometry":{"type":"Polygon","coordinates":[[[53.763,12.637],[53.825,12.625],[53.919,12.659],[54.187,12.664],[54.511,12.553],[54.45,12.523],[54.414,12.483],[54.271,12.447],[54.129,12.361],[53.719,12.319],[53.598,12.342],[53.499,12.425],[53.316,12.533],[53.388,12.602],[53.404,12.633],[53.431,12.664],[53.535,12.716],[53.638,12.707],[53.763,12.637]]]}},{"type":"Feature","properties":{},"geometry":{"type":"Polygon","coordinates":[[[53.332,24.259],[53.258,24.253],[53.191,24.291],[53.333,24.342],[53.371,24.364],[53.412,24.411],[53.445,24.371],[53.409,24.308],[53.383,24.281],[53.332,24.259]]]}},{"type":"Feature","properties":{},"geometry":{"type":"Polygon","coordinates":[[[58.722,20.219],[58.659,20.204],[58.641,20.211],[58.641,20.337],[58.788,20.497],[58.884,20.681],[58.951,20.516],[58.835,20.424],[58.772,20.267],[58.722,20.219]]]}},{"type":"Feature","properties":{},"geometry":{"type":"Polygon","coordinates":[[[52.617,24.289],[52.6,24.281],[52.582,24.335],[52.584,24.352],[52.629,24.377],[52.658,24.333],[52.617,24.289]]]}},{"type":"Feature","properties":{},"geometry":{"type":"Polygon","coordinates":[[[56.188,26.921],[56.095,26.801],[55.954,26.701],[55.894,26.732],[55.848,26.731],[55.747,26.692],[55.675,26.686],[55.543,26.618],[55.424,26.583],[55.34,26.586],[55.312,26.593],[55.295,26.639],[55.296,26.658],[55.347,26.648],[55.532,26.71],[55.763,26.812],[55.785,26.857],[55.747,26.931],[55.758,26.948],[55.907,26.91],[56.074,26.983],[56.214,27.003],[56.279,26.952],[56.188,26.921]]]}},{"type":"Feature","properties":{},"geometry":{"type":"Polygon","coordinates":[[[53.928,24.177],[53.928,24.143],[53.826,24.153],[53.799,24.136],[53.716,24.145],[53.634,24.17],[53.69,24.211],[53.834,24.259],[53.894,24.215],[53.928,24.177]]]}},{"type":"Feature","properties":{},"geometry":{"type":"Polygon","coordinates":[[[41.988,16.716],[42.065,16.71],[42.033,16.742],[42.026,16.758],[42.06,16.804],[42.17,16.709],[42.167,16.596],[42.158,16.571],[42.128,16.595],[42.108,16.618],[42.102,16.644],[42.072,16.671],[41.964,16.653],[41.897,16.684],[41.802,16.779],[41.776,16.847],[41.816,16.86],[41.858,16.893],[41.885,16.947],[41.86,17.003],[41.917,16.994],[41.948,16.936],[41.954,16.806],[41.962,16.779],[41.947,16.749],[41.988,16.716]]]}},{"type":"Feature","properties":{},"geometry":{"type":"Polygon","coordinates":[[[40.141,15.696],[40.183,15.643],[40.211,15.648],[40.234,15.666],[40.25,15.703],[40.408,15.629],[40.399,15.58],[40.305,15.577],[40.196,15.598],[40.095,15.591],[39.975,15.612],[39.947,15.696],[40.024,15.656],[40.063,15.666],[40.071,15.677],[40.016,15.733],[39.94,15.745],[39.945,15.789],[39.979,15.807],[40.0,15.828],[39.957,15.889],[40.043,15.875],[40.097,15.838],[40.132,15.795],[40.141,15.696]]]}},{"type":"Feature","properties":{},"geometry":{"type":"Polygon","coordinates":[[[42.756,13.704],[42.69,13.674],[42.735,13.753],[42.781,13.769],[42.794,13.766],[42.756,13.704]]]}},{"type":"Feature","properties":{},"geometry":{"type":"Polygon","coordinates":[[[50.607,25.883],[50.575,25.807],[50.544,25.833],[50.466,25.966],[50.489,26.058],[50.452,26.191],[50.47,26.229],[50.564,26.246],[50.586,26.241],[50.558,26.198],[50.61,26.124],[50.617,26.002],[50.607,25.883]]]}},{"type":"Feature","properties":{},"geometry":{"type":"Polygon","coordinates":[[[42.787,13.971],[42.774,13.95],[42.756,13.955],[42.694,14.008],[42.762,14.067],[42.798,14.012],[42.787,13.971]]]}},{"type":"Feature","properties":{},"geometry":{"type":"Polygon","coordinates":[[[48.275,29.624],[48.218,29.602],[48.18,29.611],[48.143,29.665],[48.081,29.799],[48.115,29.849],[48.113,29.87],[48.12,29.886],[48.139,29.897],[48.159,29.96],[48.185,29.979],[48.228,29.936],[48.348,29.783],[48.347,29.72],[48.34,29.695],[48.275,29.624]]]}},{"type":"Feature","properties":{},"geometry":{"type":"Polygon","coordinates":[[[101.708,2.078],[101.762,1.997],[101.774,1.943],[101.734,1.883],[101.719,1.789],[101.603,1.716],[101.501,1.733],[101.468,1.759],[101.403,1.901],[101.41,2.022],[101.45,2.068],[101.545,2.061],[101.641,2.127],[101.708,2.078]]]}},{"type":"Feature","properties":{},"geometry":{"type":"Polygon","coordinates":[[[102.427,0.99],[102.381,0.96],[102.325,1.007],[102.28,1.076],[102.255,1.147],[102.234,1.264],[102.229,1.348],[102.256,1.397],[102.276,1.395],[102.359,1.346],[102.413,1.261],[102.443,1.234],[102.449,1.156],[102.429,1.067],[102.427,0.99]]]}},{"type":"Feature","properties":{},"geometry":{"type":"Polygon","coordinates":[[[102.492,1.459],[102.499,1.331],[102.425,1.364],[102.367,1.415],[102.274,1.453],[102.161,1.465],[102.079,1.499],[102.021,1.558],[102.018,1.586],[102.024,1.608],[102.042,1.625],[102.47,1.51],[102.492,1.459]]]}},{"type":"Feature","properties":{},"geometry":{"type":"Polygon","coordinates":[[[103.028,0.747],[103.009,0.708],[102.971,0.737],[102.776,0.78],[102.711,0.784],[102.542,0.832],[102.49,0.857],[102.454,0.89],[102.466,0.95],[102.491,0.987],[102.507,1.089],[102.549,1.13],[102.633,1.054],[102.726,0.989],[102.78,0.959],[102.944,0.893],[103.002,0.859],[103.028,0.747]]]}},{"type":"Feature","properties":{},"geometry":{"type":"Polygon","coordinates":[[[103.166,0.87],[103.137,0.842],[103.087,0.848],[103.033,0.882],[102.964,0.943],[102.886,0.997],[102.788,1.031],[102.726,1.041],[102.702,1.054],[102.726,1.159],[102.79,1.165],[102.999,1.068],[103.068,1.015],[103.166,0.87]]]}},{"type":"Feature","properties":{},"geometry":{"type":"Polygon","coordinates":[[[103.284,0.542],[103.172,0.536],[103.14,0.549],[103.153,0.643],[103.187,0.7],[103.238,0.699],[103.295,0.614],[103.284,0.542]]]}},{"type":"Feature","properties":{},"geometry":{"type":"Polygon","coordinates":[[[103.424,1.048],[103.43,0.993],[103.363,1.007],[103.315,1.071],[103.355,1.117],[103.38,1.134],[103.405,1.073],[103.424,1.048]]]}},{"type":"Feature","properties":{},"geometry":{"type":"Polygon","coordinates":[[[103.45,0.664],[103.43,0.651],[103.344,0.778],[103.366,0.851],[103.386,0.87],[103.433,0.825],[103.47,0.778],[103.497,0.723],[103.45,0.664]]]}},{"type":"Feature","properties":{},"geometry":{"type":"Polygon","coordinates":[[[103.829,0.801],[103.834,0.772],[103.742,0.83],[103.74,0.872],[103.752,0.891],[103.807,0.846],[103.829,0.801]]]}},{"type":"Feature","properties":{},"geometry":{"type":"Polygon","coordinates":[[[104.025,1.181],[104.088,1.137],[104.14,1.166],[104.138,1.128],[104.127,1.092],[104.066,0.99],[103.964,1.013],[103.94,1.046],[103.932,1.071],[103.947,1.087],[103.955,1.137],[104.0,1.137],[104.025,1.181]]]}},{"type":"Feature","properties":{},"geometry":{"type":"Polygon","coordinates":[[[104.585,1.216],[104.591,1.141],[104.648,1.105],[104.663,1.05],[104.653,0.961],[104.599,0.859],[104.575,0.832],[104.504,0.853],[104.481,0.887],[104.471,0.913],[104.481,0.933],[104.429,0.956],[104.462,0.996],[104.439,1.05],[104.294,1.016],[104.252,1.015],[104.244,1.077],[104.25,1.103],[104.362,1.181],[104.428,1.196],[104.5,1.18],[104.585,1.216]]]}},{"type":"Feature","properties":{},"geometry":{"type":"Polygon","coordinates":[[[104.239,0.834],[104.177,0.805],[104.098,0.896],[104.101,0.917],[104.108,0.934],[104.123,0.944],[104.171,0.897],[104.227,0.88],[104.239,0.834]]]}},{"type":"Feature","properties":{},"geometry":{"type":"Polygon","coordinates":[[[104.689,0.06],[104.698,0.035],[104.651,0.063],[104.622,0.08],[104.604,0.095],[104.499,0.232],[104.544,0.223],[104.66,0.103],[104.689,0.06]]]}},{"type":"Feature","properties":{},"geometry":{"type":"Polygon","coordinates":[[[104.779,-0.176],[104.808,-0.192],[104.843,-0.141],[104.909,-0.212],[104.95,-0.247],[105.005,-0.283],[104.951,-0.284],[104.929,-0.317],[104.914,-0.323],[104.702,-0.209],[104.567,-0.246],[104.474,-0.212],[104.447,-0.189],[104.497,-0.126],[104.543,0.018],[104.636,-0.018],[104.658,-0.063],[104.653,-0.076],[104.713,-0.103],[104.779,-0.176]]]}},{"type":"Feature","properties":{},"geometry":{"type":"Polygon","coordinates":[[[104.474,-0.335],[104.568,-0.432],[104.59,-0.467],[104.544,-0.521],[104.507,-0.597],[104.485,-0.613],[104.414,-0.584],[104.363,-0.659],[104.33,-0.539],[104.257,-0.463],[104.302,-0.386],[104.319,-0.38],[104.341,-0.383],[104.364,-0.403],[104.474,-0.335]]]}},{"type":"Feature","properties":{},"geometry":{"type":"Polygon","coordinates":[[[103.737,-0.348],[103.606,-0.383],[103.461,-0.358],[103.479,-0.297],[103.549,-0.228],[103.611,-0.231],[103.724,-0.277],[103.764,-0.318],[103.737,-0.348]]]}},{"type":"Feature","properties":{},"geometry":{"type":"Polygon","coordinates":[[[97.482,1.465],[97.698,1.184],[97.786,1.146],[97.903,1.018],[97.932,0.974],[97.902,0.884],[97.876,0.628],[97.82,0.564],[97.684,0.596],[97.683,0.641],[97.604,0.834],[97.461,0.941],[97.405,0.947],[97.369,1.057],[97.297,1.187],[97.079,1.425],[97.244,1.424],[97.324,1.482],[97.343,1.528],[97.356,1.54],[97.482,1.465]]]}},{"type":"Feature","properties":{},"geometry":{"type":"Polygon","coordinates":[[[100.425,-3.183],[100.465,-3.329],[100.346,-3.229],[100.348,-3.159],[100.332,-3.113],[100.26,-3.057],[100.204,-2.987],[100.179,-2.82],[100.199,-2.786],[100.246,-2.783],[100.455,-3.002],[100.469,-3.039],[100.464,-3.117],[100.434,-3.141],[100.425,-3.183]]]}},{"type":"Feature","properties":{},"geometry":{"type":"Polygon","coordinates":[[[100.204,-2.741],[100.133,-2.821],[100.015,-2.82],[99.992,-2.77],[99.997,-2.649],[99.968,-2.61],[99.969,-2.594],[99.988,-2.525],[100.012,-2.51],[100.202,-2.68],[100.204,-2.741]]]}},{"type":"Feature","properties":{},"geometry":{"type":"Polygon","coordinates":[[[99.843,-2.343],[99.848,-2.37],[99.685,-2.282],[99.607,-2.258],[99.537,-2.162],[99.559,-2.115],[99.562,-2.051],[99.572,-2.026],[99.622,-2.017],[99.686,-2.063],[99.735,-2.178],[99.816,-2.284],[99.843,-2.343]]]}},{"type":"Feature","properties":{},"geometry":{"type":"Polygon","coordinates":[[[99.164,-1.778],[99.072,-1.783],[98.874,-1.664],[98.828,-1.61],[98.816,-1.538],[98.627,-1.261],[98.602,-1.198],[98.676,-0.971],[98.869,-0.916],[98.933,-0.954],[98.955,-1.056],[99.065,-1.241],[99.101,-1.34],[99.129,-1.384],[99.14,-1.418],[99.131,-1.442],[99.21,-1.559],[99.267,-1.628],[99.271,-1.738],[99.164,-1.778]]]}},{"type":"Feature","properties":{},"geometry":{"type":"Polygon","coordinates":[[[98.459,-0.53],[98.4,-0.577],[98.31,-0.532],[98.34,-0.468],[98.355,-0.379],[98.409,-0.309],[98.427,-0.226],[98.323,-0.001],[98.375,0.007],[98.415,-0.018],[98.484,-0.168],[98.544,-0.258],[98.52,-0.38],[98.459,-0.53]]]}},{"type":"Feature","properties":{},"geometry":{"type":"Polygon","coordinates":[[[97.334,2.076],[97.328,2.053],[97.225,2.158],[97.108,2.217],[97.157,2.232],[97.253,2.216],[97.291,2.201],[97.329,2.149],[97.334,2.076]]]}},{"type":"Feature","properties":{},"geometry":{"type":"Polygon","coordinates":[[[96.464,2.36],[96.401,2.351],[96.341,2.372],[96.29,2.43],[96.022,2.596],[95.938,2.598],[95.88,2.641],[95.809,2.656],[95.733,2.767],[95.717,2.826],[95.772,2.855],[95.806,2.916],[95.896,2.889],[95.998,2.781],[96.102,2.741],[96.13,2.721],[96.18,2.661],[96.417,2.515],[96.443,2.466],[96.459,2.416],[96.464,2.36]]]}},{"type":"Feature","properties":{},"geometry":{"type":"Polygon","coordinates":[[[95.362,5.812],[95.343,5.784],[95.283,5.799],[95.218,5.89],[95.242,5.907],[95.283,5.898],[95.359,5.877],[95.366,5.843],[95.362,5.812]]]}},{"type":"Feature","properties":{},"geometry":{"type":"Polygon","coordinates":[[[104.064,10.391],[104.083,10.341],[104.076,10.225],[104.037,10.111],[104.048,10.061],[104.018,10.029],[103.952,10.243],[103.868,10.335],[103.85,10.371],[103.898,10.369],[103.986,10.427],[104.028,10.428],[104.064,10.391]]]}},{"type":"Feature","properties":{},"geometry":{"type":"Polygon","coordinates":[[[103.045,11.285],[103.027,11.275],[103.011,11.276],[102.993,11.29],[102.995,11.348],[103.008,11.383],[103.037,11.39],[103.045,11.285]]]}},{"type":"Feature","properties":{},"geometry":{"type":"Polygon","coordinates":[[[102.606,11.677],[102.59,11.572],[102.533,11.615],[102.546,11.668],[102.569,11.692],[102.606,11.677]]]}},{"type":"Feature","properties":{},"geometry":{"type":"Polygon","coordinates":[[[102.427,11.989],[102.43,11.965],[102.378,11.983],[102.36,11.974],[102.302,11.981],[102.273,12.119],[102.277,12.152],[102.319,12.142],[102.378,12.073],[102.408,12.025],[102.427,11.989]]]}},{"type":"Feature","properties":{},"geometry":{"type":"Polygon","coordinates":[[[103.97,1.331],[103.82,1.265],[103.65,1.326],[103.705,1.423],[103.818,1.447],[103.909,1.416],[103.961,1.392],[103.996,1.365],[103.97,1.331]]]}},{"type":"Feature","properties":{},"geometry":{"type":"Polygon","coordinates":[[[104.222,2.732],[104.173,2.721],[104.147,2.728],[104.129,2.767],[104.17,2.857],[104.185,2.872],[104.223,2.774],[104.222,2.732]]]}},{"type":"Feature","properties":{},"geometry":{"type":"Polygon","coordinates":[[[100.289,5.295],[100.264,5.267],[100.191,5.283],[100.204,5.447],[100.246,5.468],[100.31,5.438],[100.339,5.41],[100.289,5.295]]]}},{"type":"Feature","properties":{},"geometry":{"type":"Polygon","coordinates":[[[99.848,6.466],[99.919,6.359],[99.883,6.311],[99.866,6.297],[99.823,6.313],[99.783,6.272],[99.744,6.263],[99.705,6.338],[99.657,6.367],[99.646,6.418],[99.711,6.427],[99.749,6.41],[99.822,6.445],[99.848,6.466]]]}},{"type":"Feature","properties":{},"geometry":{"type":"Polygon","coordinates":[[[99.663,6.522],[99.644,6.516],[99.607,6.597],[99.654,6.714],[99.701,6.571],[99.663,6.522]]]}},{"type":"Feature","properties":{},"geometry":{"type":"Polygon","coordinates":[[[100.074,9.697],[100.064,9.68],[100.026,9.712],[99.998,9.748],[99.983,9.794],[100.043,9.792],[100.073,9.749],[100.074,9.697]]]}},{"type":"Feature","properties":{},"geometry":{"type":"Polygon","coordinates":[[[100.071,9.586],[100.075,9.529],[100.054,9.461],[99.962,9.422],[99.931,9.476],[99.94,9.56],[99.954,9.581],[100.043,9.577],[100.071,9.586]]]}},{"type":"Feature","properties":{},"geometry":{"type":"Polygon","coordinates":[[[98.592,7.934],[98.58,7.917],[98.529,8.109],[98.604,8.057],[98.592,7.934]]]}},{"type":"Feature","properties":{},"geometry":{"type":"Polygon","coordinates":[[[98.409,7.902],[98.398,7.828],[98.357,7.829],[98.316,7.782],[98.296,7.776],[98.262,7.926],[98.301,8.136],[98.322,8.166],[98.351,8.111],[98.435,8.086],[98.399,7.965],[98.409,7.902]]]}},{"type":"Feature","properties":{},"geometry":{"type":"Polygon","coordinates":[[[98.308,9.051],[98.251,9.041],[98.258,9.095],[98.274,9.13],[98.301,9.139],[98.312,9.08],[98.308,9.051]]]}},{"type":"Feature","properties":{},"geometry":{"type":"Polygon","coordinates":[[[93.89,6.831],[93.829,6.749],[93.709,7.001],[93.658,7.016],[93.656,7.136],[93.684,7.184],[93.822,7.237],[93.859,7.207],[93.93,6.973],[93.89,6.831]]]}},{"type":"Feature","properties":{},"geometry":{"type":"Polygon","coordinates":[[[93.734,7.356],[93.638,7.262],[93.597,7.319],[93.614,7.358],[93.655,7.38],[93.692,7.411],[93.734,7.356]]]}},{"type":"Feature","properties":{},"geometry":{"type":"Polygon","coordinates":[[[93.141,8.25],[93.171,8.212],[93.115,8.219],[93.064,8.275],[93.078,8.328],[93.097,8.349],[93.141,8.25]]]}},{"type":"Feature","properties":{},"geometry":{"type":"Polygon","coordinates":[[[93.443,7.878],[93.365,7.877],[93.342,7.919],[93.309,7.964],[93.334,8.007],[93.375,8.018],[93.434,7.948],[93.447,7.899],[93.443,7.878]]]}},{"type":"Feature","properties":{},"geometry":{"type":"Polygon","coordinates":[[[93.537,8.057],[93.49,8.019],[93.478,8.024],[93.472,8.053],[93.47,8.073],[93.461,8.109],[93.456,8.172],[93.494,8.225],[93.532,8.214],[93.512,8.16],[93.537,8.057]]]}},{"type":"Feature","properties":{},"geometry":{"type":"Polygon","coordinates":[[[92.787,9.137],[92.744,9.131],[92.717,9.165],[92.713,9.205],[92.739,9.231],[92.762,9.244],[92.786,9.241],[92.809,9.173],[92.787,9.137]]]}},{"type":"Feature","properties":{},"geometry":{"type":"Polygon","coordinates":[[[92.503,10.555],[92.473,10.521],[92.37,10.547],[92.377,10.651],[92.353,10.751],[92.371,10.794],[92.448,10.866],[92.51,10.897],[92.554,10.8],[92.574,10.704],[92.503,10.555]]]}},{"type":"Feature","properties":{},"geometry":{"type":"Polygon","coordinates":[[[92.693,11.381],[92.645,11.361],[92.596,11.386],[92.634,11.427],[92.64,11.509],[92.69,11.463],[92.687,11.411],[92.693,11.381]]]}},{"type":"Feature","properties":{},"geometry":{"type":"Polygon","coordinates":[[[93.017,12.037],[93.062,11.899],[92.982,11.959],[92.955,12.002],[92.996,12.032],[93.017,12.037]]]}},{"type":"Feature","properties":{},"geometry":{"type":"Polygon","coordinates":[[[92.718,12.865],[92.686,12.8],[92.68,12.939],[92.694,12.957],[92.711,12.962],[92.731,12.949],[92.718,12.865]]]}},{"type":"Feature","properties":{},"geometry":{"type":"Polygon","coordinates":[[[92.723,11.536],[92.701,11.513],[92.668,11.539],[92.576,11.718],[92.56,11.833],[92.534,11.873],[92.567,11.931],[92.608,11.95],[92.632,12.014],[92.641,12.112],[92.676,12.192],[92.695,12.215],[92.769,12.216],[92.788,12.226],[92.778,12.303],[92.734,12.336],[92.719,12.357],[92.721,12.541],[92.732,12.616],[92.759,12.669],[92.74,12.78],[92.753,12.821],[92.807,12.879],[92.831,13.003],[92.809,13.04],[92.86,13.231],[92.857,13.358],[92.925,13.486],[93.029,13.544],[93.062,13.545],[93.067,13.436],[93.077,13.401],[93.016,13.336],[93.074,13.252],[93.066,13.222],[93.043,13.155],[93.005,13.089],[92.951,13.062],[92.91,12.975],[92.886,12.942],[92.965,12.85],[92.99,12.539],[92.933,12.453],[92.864,12.436],[92.879,12.228],[92.867,12.181],[92.799,12.079],[92.786,12.035],[92.748,11.993],[92.764,11.94],[92.797,11.918],[92.798,11.875],[92.767,11.765],[92.765,11.639],[92.723,11.536]]]}},{"type":"Feature","properties":{},"geometry":{"type":"Polygon","coordinates":[[[98.542,10.962],[98.519,10.959],[98.498,10.964],[98.477,10.98],[98.527,11.087],[98.542,10.962]]]}},{"type":"Feature","properties":{},"geometry":{"type":"Polygon","coordinates":[[[98.21,10.953],[98.293,10.78],[98.284,10.753],[98.271,10.74],[98.252,10.744],[98.218,10.838],[98.155,10.898],[98.08,10.887],[98.143,10.963],[98.167,10.98],[98.21,10.953]]]}},{"type":"Feature","properties":{},"geometry":{"type":"Polygon","coordinates":[[[98.183,9.933],[98.134,9.875],[98.118,9.878],[98.14,9.975],[98.221,10.045],[98.292,10.051],[98.283,10.008],[98.231,9.954],[98.183,9.933]]]}},{"type":"Feature","properties":{},"geometry":{"type":"Polygon","coordinates":[[[98.222,11.478],[98.216,11.456],[98.209,11.457],[98.187,11.472],[98.201,11.567],[98.239,11.645],[98.278,11.758],[98.3,11.783],[98.308,11.723],[98.284,11.594],[98.263,11.524],[98.222,11.478]]]}},{"type":"Feature","properties":{},"geometry":{"type":"Polygon","coordinates":[[[98.516,11.905],[98.474,11.899],[98.454,12.061],[98.466,12.084],[98.525,12.005],[98.61,11.957],[98.576,11.925],[98.516,11.905]]]}},{"type":"Feature","properties":{},"geometry":{"type":"Polygon","coordinates":[[[98.075,11.692],[98.084,11.637],[98.021,11.696],[98.01,11.86],[98.06,11.757],[98.081,11.733],[98.075,11.692]]]}},{"type":"Feature","properties":{},"geometry":{"type":"Polygon","coordinates":[[[98.554,11.745],[98.528,11.539],[98.465,11.567],[98.435,11.567],[98.397,11.684],[98.4,11.715],[98.376,11.792],[98.524,11.805],[98.554,11.745]]]}},{"type":"Feature","properties":{},"geometry":{"type":"Polygon","coordinates":[[[98.137,12.15],[98.125,12.145],[98.108,12.148],[98.075,12.164],[98.037,12.232],[98.057,12.28],[98.071,12.292],[98.105,12.288],[98.122,12.279],[98.128,12.261],[98.118,12.223],[98.12,12.191],[98.137,12.15]]]}},{"type":"Feature","properties":{},"geometry":{"type":"Polygon","coordinates":[[[98.066,12.39],[98.06,12.354],[98.002,12.279],[97.952,12.322],[97.939,12.346],[97.99,12.394],[98.045,12.387],[98.06,12.398],[98.066,12.39]]]}},{"type":"Feature","properties":{},"geometry":{"type":"Polygon","coordinates":[[[98.414,12.598],[98.436,12.571],[98.468,12.571],[98.459,12.474],[98.381,12.354],[98.334,12.336],[98.314,12.336],[98.331,12.511],[98.303,12.612],[98.312,12.678],[98.396,12.647],[98.414,12.598]]]}},{"type":"Feature","properties":{},"geometry":{"type":"Polygon","coordinates":[[[98.315,13.099],[98.309,12.935],[98.259,13.014],[98.251,13.104],[98.255,13.189],[98.265,13.202],[98.269,13.189],[98.299,13.152],[98.315,13.099]]]}},{"type":"Feature","properties":{},"geometry":{"type":"Polygon","coordinates":[[[97.575,16.253],[97.537,16.24],[97.48,16.306],[97.469,16.461],[97.516,16.497],[97.542,16.505],[97.579,16.486],[97.593,16.461],[97.6,16.43],[97.589,16.397],[97.575,16.253]]]}},{"type":"Feature","properties":{},"geometry":{"type":"Polygon","coordinates":[[[99.078,7.592],[99.104,7.471],[99.068,7.496],[99.038,7.548],[99.038,7.626],[99.045,7.637],[99.078,7.592]]]}},{"type":"Feature","properties":{},"geometry":{"type":"Polygon","coordinates":[[[94.805,15.819],[94.784,15.794],[94.743,15.812],[94.733,15.823],[94.828,15.933],[94.838,15.892],[94.805,15.819]]]}},{"type":"Feature","properties":{},"geometry":{"type":"Polygon","coordinates":[[[94.477,15.946],[94.412,15.848],[94.388,15.994],[94.494,16.075],[94.546,16.153],[94.601,16.206],[94.619,16.141],[94.566,16.019],[94.477,15.946]]]}},{"type":"Feature","properties":{},"geometry":{"type":"Polygon","coordinates":[[[93.691,18.684],[93.674,18.676],[93.57,18.76],[93.487,18.868],[93.618,18.889],[93.745,18.866],[93.746,18.808],[93.718,18.716],[93.691,18.684]]]}},{"type":"Feature","properties":{},"geometry":{"type":"Polygon","coordinates":[[[93.492,19.893],[93.513,19.755],[93.445,19.806],[93.42,19.878],[93.413,19.95],[93.492,19.893]]]}},{"type":"Feature","properties":{},"geometry":{"type":"Polygon","coordinates":[[[93.01,19.924],[93.023,19.829],[92.975,19.868],[92.913,20.0],[92.915,20.086],[92.96,20.046],[93.01,19.924]]]}},{"type":"Feature","properties":{},"geometry":{"type":"Polygon","coordinates":[[[93.715,19.558],[93.829,19.475],[93.875,19.481],[93.946,19.429],[93.947,19.408],[93.934,19.365],[93.902,19.332],[93.815,19.299],[93.756,19.326],[93.732,19.416],[93.662,19.459],[93.644,19.495],[93.688,19.544],[93.715,19.558]]]}},{"type":"Feature","properties":{},"geometry":{"type":"Polygon","coordinates":[[[91.874,21.832],[91.838,21.75],[91.82,21.81],[91.835,21.885],[91.851,21.927],[91.861,21.927],[91.883,21.884],[91.874,21.832]]]}},{"type":"Feature","properties":{},"geometry":{"type":"Polygon","coordinates":[[[91.949,21.508],[91.889,21.503],[91.859,21.533],[91.873,21.574],[91.857,21.709],[91.908,21.723],[91.934,21.722],[91.949,21.683],[91.962,21.61],[91.949,21.508]]]}},{"type":"Feature","properties":{},"geometry":{"type":"Polygon","coordinates":[[[91.151,22.175],[91.045,22.105],[91.079,22.52],[91.158,22.365],[91.178,22.283],[91.151,22.175]]]}},{"type":"Feature","properties":{},"geometry":{"type":"Polygon","coordinates":[[[91.557,22.382],[91.51,22.353],[91.467,22.378],[91.411,22.476],[91.439,22.599],[91.456,22.617],[91.484,22.577],[91.523,22.491],[91.548,22.425],[91.557,22.382]]]}},{"type":"Feature","properties":{},"geometry":{"type":"Polygon","coordinates":[[[90.642,22.963],[90.66,22.92],[90.604,22.946],[90.562,22.975],[90.536,23.015],[90.58,23.035],[90.642,22.963]]]}},{"type":"Feature","properties":{},"geometry":{"type":"Polygon","coordinates":[[[90.778,22.089],[90.604,22.054],[90.515,22.065],[90.68,22.327],[90.675,22.445],[90.649,22.541],[90.565,22.618],[90.56,22.673],[90.523,22.748],[90.503,22.835],[90.596,22.864],[90.672,22.813],[90.683,22.785],[90.699,22.714],[90.737,22.639],[90.868,22.485],[90.866,22.391],[90.83,22.16],[90.778,22.089]]]}},{"type":"Feature","properties":{},"geometry":{"type":"Polygon","coordinates":[[[79.97,9.631],[79.907,9.62],[79.857,9.686],[79.846,9.715],[79.859,9.734],[79.872,9.744],[79.888,9.741],[79.912,9.679],[79.97,9.631]]]}},{"type":"Feature","properties":{},"geometry":{"type":"Polygon","coordinates":[[[79.875,9.051],[79.904,8.975],[79.821,9.027],[79.767,9.07],[79.748,9.105],[79.86,9.066],[79.875,9.051]]]}},{"type":"Feature","properties":{},"geometry":{"type":"Polygon","coordinates":[[[40.994,-2.158],[40.957,-2.167],[40.976,-2.11],[41.086,-2.037],[41.131,-2.053],[41.139,-2.07],[41.137,-2.085],[41.118,-2.1],[40.994,-2.158]]]}},{"type":"Feature","properties":{},"geometry":{"type":"Polygon","coordinates":[[[39.865,-4.906],[39.871,-4.957],[39.856,-5.004],[39.859,-5.155],[39.853,-5.255],[39.796,-5.394],[39.749,-5.444],[39.708,-5.429],[39.673,-5.407],[39.647,-5.369],[39.701,-5.114],[39.673,-4.927],[39.781,-4.945],[39.865,-4.906]]]}},{"type":"Feature","properties":{},"geometry":{"type":"Polygon","coordinates":[[[55.54,-4.693],[55.543,-4.786],[55.495,-4.755],[55.481,-4.695],[55.417,-4.65],[55.383,-4.609],[55.456,-4.559],[55.54,-4.693]]]}},{"type":"Feature","properties":{},"geometry":{"type":"Polygon","coordinates":[[[103.318,10.719],[103.281,10.68],[103.223,10.76],[103.223,10.782],[103.318,10.719]]]}},{"type":"Feature","properties":{},"geometry":{"type":"Polygon","coordinates":[[[17.98,59.329],[18.133,59.316],[18.211,59.331],[18.271,59.367],[18.336,59.375],[18.396,59.369],[18.459,59.397],[18.509,59.408],[18.56,59.394],[18.618,59.327],[18.499,59.292],[18.414,59.29],[18.373,59.18],[18.322,59.132],[18.285,59.109],[18.098,59.062],[17.975,59.003],[17.829,58.955],[17.765,58.965],[17.67,58.916],[17.457,58.858],[17.348,58.781],[17.103,58.711],[16.978,58.654],[16.639,58.651],[16.316,58.664],[16.214,58.637],[16.318,58.628],[16.391,58.602],[16.478,58.613],[16.683,58.6],[16.788,58.585],[16.924,58.493],[16.824,58.46],[16.652,58.434],[16.717,58.303],[16.77,58.214],[16.7,58.161],[16.695,57.918],[16.597,57.913],[16.555,57.812],[16.586,57.761],[16.584,57.642],[16.604,57.568],[16.652,57.501],[16.631,57.43],[16.476,57.265],[16.479,57.188],[16.507,57.142],[16.528,57.068],[16.458,56.927],[16.408,56.809],[16.349,56.709],[16.217,56.59],[16.151,56.501],[15.997,56.223],[15.92,56.167],[15.827,56.125],[15.722,56.164],[15.627,56.186],[15.51,56.183],[15.327,56.151],[15.051,56.172],[14.782,56.162],[14.714,56.134],[14.755,56.033],[14.656,56.02],[14.559,56.049],[14.473,56.014],[14.402,55.977],[14.262,55.888],[14.215,55.833],[14.203,55.729],[14.276,55.636],[14.342,55.528],[14.174,55.397],[14.08,55.392],[13.806,55.429],[13.321,55.346],[12.886,55.411],[12.941,55.482],[12.939,55.533],[12.963,55.613],[12.978,55.694],[12.974,55.748],[12.942,55.806],[12.835,55.882],[12.593,56.138],[12.521,56.246],[12.471,56.291],[12.507,56.293],[12.706,56.235],[12.753,56.242],[12.802,56.264],[12.742,56.347],[12.691,56.384],[12.656,56.441],[12.773,56.456],[12.857,56.452],[12.92,56.516],[12.884,56.618],[12.793,56.649],[12.718,56.663],[12.573,56.823],[12.421,56.906],[12.152,57.227],[12.053,57.447],[11.962,57.426],[11.917,57.522],[11.885,57.613],[11.879,57.679],[11.735,57.718],[11.729,57.764],[11.703,57.973],[11.549,58.001],[11.449,58.118],[11.432,58.34],[11.33,58.38],[11.248,58.369],[11.252,58.424],[11.272,58.476],[11.224,58.68],[11.208,58.866],[11.169,58.923],[11.147,58.989],[11.167,59.046],[11.196,59.078],[11.295,59.087],[11.388,59.037],[11.386,59.066],[11.366,59.105],[11.132,59.143],[11.091,59.142],[10.999,59.164],[10.945,59.171],[10.834,59.184],[10.743,59.296],[10.645,59.389],[10.631,59.428],[10.634,59.602],[10.604,59.68],[10.595,59.765],[10.534,59.696],[10.57,59.587],[10.494,59.542],[10.398,59.519],[10.407,59.456],[10.446,59.444],[10.455,59.377],[10.431,59.28],[10.243,59.062],[10.205,59.039],[10.179,59.009],[10.083,59.029],[9.96,58.968],[9.843,58.958],[9.8,59.027],[9.635,59.118],[9.557,59.113],[9.627,59.068],[9.696,59.01],[9.657,58.971],[9.618,58.946],[9.551,58.933],[9.31,58.857],[9.396,58.806],[9.323,58.748],[9.239,58.739],[9.194,58.712],[9.178,58.675],[8.928,58.57],[8.521,58.301],[8.312,58.224],[8.166,58.145],[8.037,58.147],[7.876,58.08],[7.466,58.021],[7.194,58.048],[7.005,58.024],[6.903,58.071],[6.89,58.102],[6.895,58.121],[6.912,58.143],[6.877,58.151],[6.803,58.155],[6.771,58.132],[6.767,58.082],[6.731,58.068],[6.591,58.097],[6.555,58.123],[6.606,58.176],[6.692,58.224],[6.677,58.234],[6.66,58.263],[6.618,58.266],[6.492,58.259],[6.389,58.268],[6.055,58.375],[5.977,58.432],[5.707,58.524],[5.586,58.62],[5.517,58.727],[5.522,58.823],[5.556,58.975],[5.612,59.013],[5.854,58.959],[6.099,58.87],[6.137,58.875],[6.214,58.945],[6.363,59.001],[6.321,59.016],[6.099,58.952],[6.017,58.988],[5.889,59.06],[5.889,59.098],[5.949,59.135],[5.969,59.186],[5.937,59.234],[5.952,59.299],[6.051,59.368],[6.199,59.438],[6.306,59.506],[6.415,59.547],[6.404,59.561],[6.279,59.535],[6.159,59.49],[6.017,59.414],[5.845,59.353],[5.718,59.33],[5.657,59.31],[5.564,59.291],[5.468,59.204],[5.362,59.166],[5.173,59.163],[5.132,59.226],[5.185,59.454],[5.242,59.564],[5.305,59.643],[5.404,59.656],[5.472,59.713],[5.53,59.713],[5.579,59.687],[5.772,59.661],[5.867,59.734],[5.991,59.745],[6.217,59.818],[6.212,59.832],[6.059,59.816],[5.967,59.813],[5.834,59.795],[5.763,59.808],[5.73,59.863],[5.784,59.913],[5.996,60.031],[6.07,60.083],[6.112,60.132],[6.105,60.165],[6.141,60.233],[6.349,60.353],[6.518,60.408],[6.574,60.361],[6.526,60.214],[6.527,60.153],[6.661,60.367],[6.72,60.418],[6.787,60.454],[6.95,60.478],[6.996,60.512],[6.806,60.501],[6.347,60.419],[6.153,60.346],[6.102,60.29],[5.967,60.206],[5.904,60.151],[5.877,60.07],[5.801,60.026],[5.699,60.01],[5.557,59.908],[5.495,59.826],[5.353,59.76],[5.264,59.71],[5.234,59.692],[5.186,59.642],[5.146,59.639],[5.111,59.668],[5.105,59.732],[5.119,59.834],[5.187,59.907],[5.22,59.979],[5.174,60.046],[5.206,60.088],[5.265,60.086],[5.376,60.067],[5.495,60.07],[5.689,60.123],[5.658,60.154],[5.574,60.158],[5.417,60.154],[5.286,60.206],[5.184,60.308],[5.137,60.446],[5.168,60.485],[5.546,60.625],[5.648,60.688],[5.589,60.694],[5.447,60.617],[5.244,60.57],[5.116,60.636],[5.049,60.708],[5.011,60.859],[5.025,60.936],[5.009,61.038],[5.095,61.071],[5.192,61.054],[5.288,61.047],[5.505,61.056],[5.984,61.117],[6.293,61.081],[6.418,61.084],[6.61,61.137],[6.778,61.142],[6.903,61.102],[6.972,61.056],[6.981,60.994],[7.039,60.953],[7.078,60.966],[7.047,61.015],[7.04,61.091],[7.545,61.177],[7.604,61.211],[7.404,61.222],[7.347,61.301],[7.453,61.419],[7.443,61.435],[7.331,61.372],[7.276,61.284],[7.298,61.214],[7.276,61.181],[7.174,61.166],[6.943,61.161],[6.794,61.19],[6.657,61.207],[6.61,61.229],[6.626,61.279],[6.6,61.29],[6.543,61.245],[6.493,61.155],[6.383,61.134],[6.083,61.167],[5.647,61.148],[5.451,61.102],[5.325,61.108],[5.107,61.188],[5.022,61.251],[4.99,61.378],[5.003,61.434],[5.172,61.457],[5.258,61.455],[5.339,61.485],[5.268,61.505],[5.168,61.543],[5.099,61.62],[4.997,61.645],[4.928,61.711],[4.91,61.81],[4.93,61.878],[4.985,61.9],[5.117,61.885],[5.465,61.897],[5.793,61.827],[6.016,61.788],[6.467,61.807],[6.731,61.87],[6.682,61.887],[6.396,61.851],[6.131,61.852],[5.664,61.923],[5.473,61.946],[5.267,61.936],[5.16,61.957],[5.096,62.027],[5.143,62.16],[5.241,62.189],[5.294,62.154],[5.358,62.152],[5.422,62.207],[5.484,62.239],[5.533,62.311],[5.718,62.379],[5.796,62.385],[5.908,62.416],[5.98,62.407],[6.026,62.376],[6.083,62.35],[6.209,62.353],[6.58,62.407],[6.62,62.423],[6.692,62.468],[6.457,62.448],[6.262,62.416],[6.136,62.407],[6.118,62.447],[6.165,62.482],[6.237,62.52],[6.273,62.584],[6.353,62.611],[6.439,62.61],[6.618,62.621],[6.745,62.638],[6.961,62.627],[7.284,62.602],[7.492,62.543],[7.57,62.548],[7.653,62.564],[7.691,62.586],[7.527,62.61],[7.518,62.646],[7.538,62.672],[7.805,62.721],[8.096,62.732],[8.046,62.771],[7.408,62.712],[7.242,62.752],[7.111,62.752],[7.025,62.729],[6.78,62.701],[6.735,62.721],[6.782,62.79],[6.928,62.903],[6.94,62.93],[7.008,62.958],[7.389,63.023],[7.572,63.1],[7.654,63.109],[7.736,63.104],[7.86,63.113],[8.101,63.091],[8.211,62.996],[8.311,62.966],[8.623,62.846],[8.609,62.881],[8.339,63.042],[8.235,63.082],[8.158,63.162],[8.184,63.237],[8.271,63.287],[8.58,63.313],[8.636,63.342],[8.641,63.392],[8.594,63.426],[8.48,63.424],[8.387,63.445],[8.361,63.499],[8.398,63.535],[8.576,63.601],[8.674,63.623],[8.842,63.646],[9.136,63.594],[9.158,63.566],[9.076,63.5],[9.084,63.463],[9.156,63.459],[9.324,63.57],[9.521,63.586],[9.602,63.61],[9.697,63.625],[9.832,63.524],[9.892,63.492],[9.936,63.479],[9.979,63.395],[10.021,63.391],[10.081,63.433],[10.189,63.455],[10.34,63.469],[10.591,63.447],[10.704,63.464],[10.76,63.461],[10.707,63.536],[10.674,63.558],[10.725,63.625],[10.779,63.651],[10.953,63.698],[11.118,63.719],[11.226,63.764],[11.371,63.805],[11.348,63.838],[11.308,63.876],[11.214,63.878],[11.176,63.899],[11.295,63.948],[11.458,64.003],[11.429,64.025],[11.307,64.049],[11.214,64.031],[11.075,63.988],[10.914,63.921],[10.967,63.902],[11.047,63.845],[10.935,63.77],[10.339,63.571],[10.055,63.513],[9.924,63.522],[9.893,63.576],[9.832,63.617],[9.767,63.7],[9.657,63.697],[9.595,63.679],[9.567,63.706],[9.615,63.795],[9.708,63.865],[9.864,63.918],[9.939,63.982],[10.01,64.083],[10.236,64.18],[10.566,64.418],[10.834,64.494],[10.932,64.578],[11.09,64.615],[11.225,64.679],[11.331,64.686],[11.524,64.744],[11.633,64.814],[11.562,64.818],[11.392,64.773],[11.297,64.755],[11.304,64.829],[11.35,64.906],[11.489,64.976],[12.16,65.179],[12.227,65.145],[12.307,65.086],[12.508,65.099],[12.738,65.214],[12.916,65.339],[12.82,65.317],[12.715,65.266],[12.512,65.195],[12.418,65.184],[12.364,65.193],[12.334,65.241],[12.263,65.256],[12.2,65.245],[12.134,65.279],[12.122,65.362],[12.206,65.486],[12.273,65.568],[12.345,65.63],[12.628,65.806],[12.689,65.902],[12.817,65.953],[12.983,65.942],[13.033,65.956],[12.976,66.019],[12.795,66.069],[12.784,66.1],[13.387,66.183],[13.674,66.18],[13.76,66.221],[13.916,66.247],[14.034,66.298],[13.973,66.32],[13.681,66.274],[13.499,66.252],[13.416,66.253],[13.352,66.237],[13.119,66.231],[13.068,66.431],[13.105,66.539],[13.192,66.537],[13.211,66.641],[13.312,66.702],[13.45,66.716],[13.52,66.742],[13.621,66.795],[13.788,66.782],[13.959,66.794],[13.917,66.819],[13.704,66.852],[13.652,66.907],[13.727,66.938],[13.808,66.961],[13.88,66.965],[14.022,67.073],[14.109,67.119],[14.206,67.111],[14.34,67.159],[14.473,67.143],[14.601,67.174],[14.776,67.194],[15.416,67.202],[15.435,67.247],[15.3,67.257],[14.824,67.268],[14.582,67.267],[14.479,67.256],[14.442,67.271],[14.448,67.298],[14.537,67.34],[14.579,67.386],[14.755,67.499],[14.962,67.574],[15.121,67.555],[15.289,67.483],[15.409,67.474],[15.465,67.451],[15.553,67.352],[15.594,67.349],[15.576,67.444],[15.692,67.521],[15.661,67.543],[15.487,67.515],[15.354,67.544],[15.249,67.602],[15.219,67.655],[15.284,67.708],[15.346,67.734],[15.304,67.765],[15.041,67.683],[14.855,67.663],[14.781,67.675],[14.821,67.75],[14.799,67.809],[15.048,67.956],[15.134,67.973],[15.274,67.961],[15.401,67.92],[15.507,67.926],[15.621,67.948],[15.606,67.988],[15.357,68.004],[15.293,68.036],[15.316,68.069],[15.487,68.103],[15.657,68.164],[15.851,68.182],[16.008,68.229],[16.038,68.218],[16.065,68.2],[16.121,68.027],[16.261,67.887],[16.312,67.881],[16.259,68.001],[16.309,68.036],[16.372,68.062],[16.392,68.092],[16.319,68.102],[16.26,68.145],[16.175,68.281],[16.204,68.317],[16.388,68.39],[16.619,68.406],[16.865,68.355],[16.951,68.355],[17.094,68.368],[17.336,68.41],[17.479,68.426],[17.553,68.426],[17.571,68.447],[17.502,68.461],[17.48,68.474],[17.426,68.482],[17.202,68.459],[16.585,68.466],[16.525,68.491],[16.514,68.533],[16.58,68.593],[16.652,68.626],[16.885,68.685],[17.131,68.693],[17.391,68.799],[17.49,68.879],[17.546,69.001],[17.705,69.1],[18.101,69.156],[18.117,69.181],[18.075,69.233],[18.079,69.325],[18.188,69.433],[18.26,69.471],[18.293,69.475],[18.379,69.44],[18.483,69.365],[18.646,69.322],[18.859,69.314],[18.916,69.336],[18.75,69.378],[18.624,69.434],[18.614,69.491],[18.674,69.52],[18.767,69.517],[18.883,69.523],[18.991,69.561],[19.007,69.588],[19.011,69.624],[19.038,69.66],[19.197,69.748],[19.687,69.805],[19.722,69.782],[19.696,69.613],[19.64,69.504],[19.642,69.424],[19.737,69.504],[19.865,69.722],[19.961,69.825],[20.069,69.883],[20.146,69.897],[20.223,69.927],[20.324,69.945],[20.355,69.922],[20.387,69.868],[20.333,69.677],[20.338,69.617],[20.277,69.536],[20.044,69.356],[20.054,69.333],[20.107,69.341],[20.198,69.371],[20.487,69.542],[20.739,69.521],[20.743,69.535],[20.662,69.585],[20.562,69.633],[20.533,69.692],[20.546,69.851],[20.622,69.914],[20.84,69.907],[20.971,69.916],[21.032,69.887],[21.163,69.89],[21.254,70.003],[21.433,70.013],[21.59,69.938],[21.78,69.887],[21.932,69.815],[21.975,69.835],[21.893,70.004],[21.803,70.066],[21.608,70.098],[21.4,70.174],[21.346,70.208],[21.356,70.233],[21.539,70.258],[21.78,70.23],[21.996,70.293],[22.054,70.276],[22.219,70.309],[22.322,70.265],[22.385,70.278],[22.421,70.338],[22.685,70.375],[22.852,70.34],[22.941,70.305],[22.983,70.237],[23.046,70.102],[23.177,70.029],[23.258,69.993],[23.354,69.983],[23.4,70.02],[23.31,70.064],[23.286,70.105],[23.329,70.207],[23.379,70.247],[23.661,70.4],[23.897,70.479],[24.038,70.485],[24.286,70.662],[24.356,70.695],[24.42,70.702],[24.404,70.745],[24.268,70.773],[24.263,70.826],[24.442,70.892],[24.658,71.001],[24.765,71.008],[24.832,70.978],[25.042,70.929],[25.171,70.872],[25.265,70.844],[25.325,70.849],[25.376,70.892],[25.436,70.912],[25.57,70.901],[25.65,70.873],[25.712,70.87],[25.768,70.853],[25.781,70.817],[25.666,70.777],[25.468,70.672],[25.274,70.552],[25.209,70.489],[25.146,70.324],[24.994,70.218],[24.983,70.144],[25.044,70.109],[25.212,70.136],[25.419,70.235],[25.471,70.341],[25.988,70.625],[26.231,70.783],[26.507,70.913],[26.661,70.94],[26.734,70.854],[26.675,70.741],[26.558,70.669],[26.645,70.636],[26.628,70.551],[26.601,70.503],[26.584,70.454],[26.585,70.41],[26.666,70.422],[26.989,70.511],[27.071,70.608],[27.147,70.681],[27.184,70.744],[27.309,70.804],[27.546,70.804],[27.556,70.827],[27.269,70.91],[27.235,70.947],[27.332,70.997],[27.597,71.091],[27.733,71.081],[27.815,71.059],[28.142,71.043],[28.392,70.975],[28.383,70.869],[28.327,70.825],[28.272,70.798],[27.951,70.718],[27.898,70.678],[27.999,70.664],[28.216,70.704],[28.272,70.668],[28.203,70.577],[28.191,70.44],[28.166,70.36],[28.166,70.288],[28.193,70.249],[28.28,70.403],[28.31,70.443],[28.437,70.501],[28.485,70.619],[28.609,70.76],[28.75,70.842],[28.832,70.864],[29.102,70.861],[29.219,70.83],[29.321,70.761],[29.398,70.734],[29.639,70.705],[29.722,70.669],[29.738,70.647],[29.796,70.643],[29.959,70.694],[30.065,70.703],[30.238,70.622],[30.203,70.562],[30.213,70.543],[30.422,70.547],[30.596,70.524],[30.926,70.401],[30.961,70.344],[30.944,70.274],[30.469,70.198],[30.263,70.125],[29.926,70.096],[28.781,70.145],[28.804,70.093],[29.601,69.977],[29.647,69.944],[29.621,69.874],[29.621,69.818],[29.636,69.78],[29.695,69.745],[29.792,69.728],[29.99,69.737],[30.088,69.718],[30.155,69.746],[30.18,69.841],[30.238,69.862],[30.349,69.835],[30.397,69.733],[30.428,69.722],[30.484,69.795],[30.595,69.79],[30.714,69.796],[30.87,69.783],[31.05,69.769],[31.453,69.69],[31.547,69.697],[31.666,69.721],[31.789,69.816],[31.879,69.832],[31.998,69.81],[32.031,69.835],[31.969,69.914],[31.985,69.954],[32.392,69.869],[32.565,69.806],[32.942,69.752],[33.008,69.722],[33.013,69.671],[32.995,69.626],[32.915,69.602],[32.754,69.606],[32.177,69.674],[32.092,69.633],[32.161,69.597],[32.331,69.554],[32.378,69.479],[32.637,69.489],[32.884,69.461],[33.0,69.47],[33.021,69.446],[32.942,69.383],[32.979,69.367],[33.256,69.428],[33.385,69.444],[33.454,69.428],[33.464,69.378],[33.418,69.315],[33.413,69.267],[33.328,69.152],[33.196,69.117],[33.141,69.069],[33.333,69.098],[33.436,69.13],[33.627,69.289],[33.684,69.31],[34.229,69.313],[34.353,69.303],[34.864,69.228],[35.01,69.221],[35.176,69.231],[35.233,69.266],[35.29,69.275],[35.858,69.192],[36.618,69.003],[37.731,68.692],[38.358,68.415],[38.43,68.356],[38.657,68.322],[38.706,68.345],[38.832,68.325],[39.569,68.072],[39.823,68.059],[39.79,68.112],[39.746,68.162],[39.809,68.151],[39.896,68.115],[40.036,68.015],[40.207,67.942],[40.381,67.832],[40.526,67.79],[40.657,67.774],[40.766,67.743],[40.966,67.713],[41.061,67.444],[41.134,67.386],[41.134,67.267],[41.262,67.218],[41.359,67.21],[41.354,67.121],[41.276,66.914],[41.189,66.826],[40.522,66.447],[40.103,66.3],[39.289,66.132],[38.654,66.069],[38.398,66.064],[37.901,66.096],[37.628,66.13],[37.295,66.225],[36.984,66.273],[36.77,66.294],[36.373,66.302],[35.513,66.396],[35.364,66.429],[34.825,66.611],[34.61,66.56],[34.483,66.55],[34.396,66.613],[34.431,66.63],[34.452,66.651],[34.146,66.703],[33.894,66.707],[33.76,66.751],[33.595,66.785],[33.523,66.764],[33.482,66.765],[33.15,66.844],[33.002,66.908],[32.848,67.022],[32.885,67.061],[32.93,67.087],[32.4,67.153],[31.895,67.161],[31.983,67.13],[32.202,67.113],[32.341,67.068],[32.501,67.004],[32.464,66.916],[32.686,66.83],[32.857,66.747],[32.862,66.721],[32.929,66.704],[33.181,66.68],[33.224,66.604],[33.183,66.574],[33.217,66.532],[33.405,66.484],[33.518,66.471],[33.656,66.443],[33.593,66.385],[33.477,66.347],[33.361,66.33],[33.416,66.316],[33.567,66.321],[34.113,66.225],[34.4,66.128],[34.692,65.952],[34.786,65.865],[34.793,65.816],[34.777,65.768],[34.735,65.716],[34.716,65.664],[34.616,65.51],[34.544,65.457],[34.406,65.396],[34.536,65.278],[34.671,65.168],[34.804,64.986],[34.827,64.913],[34.833,64.8],[34.952,64.756],[34.905,64.739],[34.858,64.707],[34.87,64.56],[35.035,64.44],[35.284,64.363],[35.432,64.347],[35.647,64.378],[35.802,64.335],[36.146,64.189],[36.302,64.034],[36.365,64.003],[36.714,63.945],[36.975,63.91],[37.373,63.817],[37.442,63.813],[37.635,63.893],[37.968,63.949],[38.071,64.026],[38.062,64.091],[37.977,64.207],[37.954,64.32],[37.844,64.366],[37.741,64.397],[37.43,64.374],[37.29,64.378],[37.184,64.408],[37.04,64.489],[36.769,64.685],[36.624,64.751],[36.579,64.791],[36.528,64.847],[36.535,64.939],[36.653,64.935],[36.786,64.987],[36.883,65.172],[37.05,65.196],[37.141,65.194],[37.528,65.108],[38.009,64.879],[38.116,64.855],[38.228,64.851],[38.412,64.857],[38.442,64.827],[38.541,64.791],[38.613,64.787],[39.054,64.714],[39.567,64.571],[39.758,64.577],[39.833,64.656],[39.849,64.691],[40.058,64.771],[40.204,64.784],[40.408,64.755],[40.445,64.779],[40.375,64.896],[40.281,64.998],[40.143,65.063],[39.896,65.255],[39.798,65.35],[39.749,65.448],[39.781,65.535],[39.817,65.598],[40.328,65.752],[40.513,65.844],[40.692,65.963],[40.774,65.988],[41.076,66.021],[41.476,66.123],[41.781,66.259],[42.084,66.466],[42.211,66.52],[42.314,66.515],[42.451,66.482],[42.602,66.423],[42.807,66.411],[43.006,66.421],[43.233,66.416],[43.551,66.321],[43.603,66.291],[43.653,66.251],[43.55,66.173],[43.542,66.123],[43.624,66.147],[43.737,66.158],[43.844,66.142],[43.944,66.099],[44.017,66.05],[44.104,66.009],[44.132,66.065],[44.145,66.113],[44.097,66.235],[44.221,66.407],[44.316,66.482],[44.489,66.672],[44.437,66.795],[44.429,66.938],[44.404,67.004],[44.292,67.1],[44.074,67.167],[43.855,67.189],[43.782,67.254],[43.796,67.33],[43.856,67.439],[44.036,67.671],[44.225,67.996],[44.232,68.071],[44.214,68.113],[44.226,68.154],[44.205,68.254],[44.169,68.327],[43.404,68.609],[43.358,68.636],[43.333,68.673],[43.413,68.682],[43.472,68.68],[44.048,68.549],[44.175,68.542],[45.078,68.578],[45.519,68.547],[45.892,68.48],[46.158,68.291],[46.43,68.119],[46.684,67.97],[46.69,67.849],[46.429,67.824],[46.174,67.818],[45.529,67.758],[45.374,67.689],[44.939,67.477],[44.902,67.413],[44.939,67.351],[45.139,67.285],[45.562,67.186],[45.753,66.989],[45.885,66.891],[45.986,66.853],[46.084,66.844],[46.298,66.843],[46.449,66.819],[46.492,66.8],[46.552,66.819],[46.691,66.826],[47.496,66.93],[47.656,66.976],[47.709,67.045],[47.768,67.276],[47.839,67.356],[47.908,67.455],[47.883,67.515],[47.875,67.584],[48.279,67.65],[48.654,67.695],[48.833,67.681],[48.878,67.731],[48.763,67.827],[48.696,67.874],[48.754,67.896],[48.841,67.87],[48.954,67.854],[49.155,67.87],[49.931,68.065],[50.233,68.175],[50.414,68.218],[50.699,68.318],[50.839,68.35],[51.079,68.363],[51.336,68.402],[51.617,68.476],[51.995,68.539],[52.056,68.541],[52.129,68.532],[52.285,68.459],[52.227,68.419],[52.183,68.374],[52.259,68.351],[52.322,68.34],[52.397,68.352],[52.475,68.382],[52.67,68.427],[52.723,68.484],[52.648,68.506],[52.55,68.592],[52.435,68.61],[52.344,68.608],[52.684,68.731],[53.413,68.913],[53.802,68.996],[54.186,69.003],[54.491,68.992],[54.376,68.965],[53.874,68.927],[53.798,68.907],[53.798,68.885],[53.92,68.871],[53.971,68.844],[53.929,68.812],[53.891,68.802],[53.834,68.709],[53.759,68.634],[53.918,68.537],[53.931,68.436],[53.829,68.383],[53.69,68.403],[53.567,68.367],[53.343,68.343],[53.293,68.312],[53.261,68.267],[53.403,68.257],[53.515,68.26],[53.914,68.231],[53.968,68.227],[54.099,68.259],[54.233,68.266],[54.394,68.275],[54.476,68.294],[54.561,68.273],[54.718,68.184],[54.861,68.202],[54.923,68.374],[55.151,68.48],[55.418,68.568],[55.675,68.576],[55.925,68.637],[56.044,68.649],[56.276,68.624],[56.62,68.619],[56.909,68.567],[57.127,68.554],[57.444,68.642],[58.173,68.89],[58.237,68.834],[58.354,68.916],[58.919,69.004],[59.057,69.006],[59.06,68.973],[59.11,68.896],[59.22,68.85],[59.371,68.738],[59.298,68.708],[59.223,68.691],[59.112,68.616],[59.099,68.444],[59.311,68.4],[59.604,68.351],[59.726,68.352],[59.828,68.38],[59.859,68.396],[59.897,68.422],[59.923,68.471],[59.941,68.51],[59.865,68.605],[59.896,68.706],[60.16,68.7],[60.489,68.729],[60.638,68.787],[60.815,68.895],[60.934,68.987],[60.859,69.146],[60.665,69.11],[60.337,69.457],[60.171,69.591],[60.276,69.653],[60.559,69.692],[60.813,69.821],[60.909,69.847],[61.016,69.851],[61.771,69.763],[62.631,69.743],[63.361,69.675],[64.19,69.535],[64.592,69.436],[64.929,69.325],[64.896,69.248],[65.032,69.27],[65.327,69.201],[65.528,69.173],[65.736,69.132],[65.813,69.077],[66.085,69.036],[66.416,68.948],[66.756,68.892],[67.002,68.874],[67.149,68.754],[67.64,68.579],[67.731,68.514],[68.157,68.404],[68.371,68.314],[68.504,68.348],[68.829,68.567],[69.024,68.818],[69.141,68.951],[68.924,68.956],[68.763,68.917],[68.66,68.927],[68.543,68.967],[68.355,69.068],[68.117,69.236],[68.073,69.421],[68.006,69.48],[67.774,69.53],[67.624,69.584],[67.064,69.694],[66.964,69.656],[66.934,69.597],[66.897,69.554],[66.84,69.609],[66.804,69.659],[66.803,69.74],[66.832,69.842],[66.926,70.014],[67.069,70.006],[67.144,70.031],[67.239,70.108],[67.197,70.172],[67.146,70.22],[67.157,70.295],[67.247,70.5],[67.285,70.739],[67.212,70.798],[67.143,70.838],[66.822,70.797],[66.702,70.819],[66.675,70.865],[66.666,70.901],[66.759,70.962],[66.847,71.064],[66.693,71.042],[66.64,71.081],[66.768,71.14],[66.918,71.282],[67.274,71.348],[67.542,71.412],[67.959,71.548],[68.269,71.683],[68.469,71.853],[68.607,72.013],[68.83,72.392],[69.039,72.67],[69.391,72.956],[69.612,72.982],[69.694,72.978],[69.709,72.956],[69.659,72.932],[69.645,72.898],[69.738,72.885],[69.888,72.883],[70.172,72.901],[70.655,72.89],[71.5,72.914],[71.617,72.902],[71.93,72.82],[72.101,72.829],[72.446,72.79],[72.634,72.744],[72.812,72.691],[72.787,72.483],[72.753,72.343],[72.624,72.079],[72.574,72.013],[72.375,71.822],[72.279,71.696],[72.13,71.609],[71.912,71.548],[71.884,71.511],[71.867,71.457],[72.079,71.307],[72.581,71.151],[72.704,70.963],[72.732,70.823],[72.7,70.457],[72.653,70.403],[72.562,70.346],[72.469,70.275],[72.53,70.173],[72.599,69.793],[72.616,69.484],[72.557,69.378],[72.527,69.154],[72.527,69.081],[72.577,68.969],[72.678,68.875],[72.812,68.815],[73.191,68.707],[73.548,68.575],[73.573,68.533],[73.592,68.482],[73.465,68.431],[73.266,68.294],[73.139,68.181],[73.129,68.091],[73.173,67.973],[73.152,67.865],[73.067,67.767],[72.949,67.696],[72.594,67.587],[71.847,67.008],[71.668,66.94],[71.365,66.962],[71.449,66.879],[71.551,66.76],[71.54,66.683],[71.342,66.687],[71.066,66.604],[70.939,66.548],[70.725,66.519],[70.561,66.549],[70.383,66.602],[70.409,66.648],[70.443,66.668],[70.568,66.701],[70.691,66.745],[70.631,66.754],[70.579,66.754],[70.444,66.697],[70.283,66.686],[70.094,66.754],[69.949,66.83],[69.877,66.845],[69.74,66.815],[69.218,66.829],[69.079,66.816],[69.013,66.788],[69.051,66.766],[69.091,66.724],[69.144,66.641],[69.194,66.579],[69.412,66.511],[69.701,66.485],[69.982,66.401],[70.339,66.342],[71.146,66.367],[71.358,66.359],[71.566,66.334],[71.917,66.247],[72.068,66.253],[72.322,66.332],[72.384,66.507],[72.417,66.561],[73.342,66.807],[73.514,66.861],[73.792,66.995],[73.883,67.085],[73.986,67.328],[74.075,67.414],[74.676,67.695],[74.77,67.766],[74.787,67.898],[74.778,67.986],[74.743,68.074],[74.632,68.218],[74.511,68.303],[74.391,68.421],[74.481,68.659],[74.58,68.751],[75.125,68.862],[75.59,68.901],[76.108,68.976],[76.316,68.992],[76.459,68.978],[76.606,68.898],[76.735,68.777],[77.112,68.596],[77.238,68.47],[77.261,68.316],[77.248,67.941],[77.174,67.779],[77.325,67.736],[77.396,67.699],[77.579,67.644],[77.675,67.59],[77.772,67.57],[77.986,67.559],[78.59,67.578],[78.922,67.589],[78.888,67.613],[78.839,67.631],[78.559,67.639],[78.161,67.678],[77.588,67.752],[77.52,67.91],[77.536,68.008],[77.665,68.19],[77.757,68.222],[77.868,68.235],[77.995,68.259],[77.959,68.377],[77.907,68.482],[77.785,68.63],[77.651,68.903],[77.466,68.905],[77.328,68.959],[76.645,69.117],[76.001,69.235],[75.561,69.252],[75.42,69.239],[75.054,69.116],[74.815,69.091],[74.363,69.145],[73.977,69.115],[73.836,69.143],[73.776,69.198],[73.891,69.418],[73.833,69.504],[73.663,69.617],[73.56,69.707],[73.578,69.803],[73.83,70.176],[73.937,70.273],[74.207,70.445],[74.343,70.579],[74.311,70.654],[73.732,71.069],[73.577,71.217],[73.507,71.264],[73.365,71.32],[73.15,71.385],[73.086,71.445],[73.672,71.845],[73.939,71.915],[74.311,71.958],[74.489,71.997],[74.804,72.077],[74.992,72.145],[75.053,72.199],[75.09,72.263],[75.097,72.421],[75.06,72.549],[75.008,72.619],[74.897,72.71],[74.787,72.812],[74.865,72.838],[74.942,72.854],[75.152,72.853],[75.369,72.797],[75.475,72.685],[75.604,72.581],[75.603,72.512],[75.591,72.457],[75.644,72.382],[75.691,72.35],[75.741,72.296],[75.694,72.254],[75.644,72.232],[75.55,72.171],[75.395,71.983],[75.274,71.959],[75.247,71.813],[75.503,71.655],[75.469,71.534],[75.417,71.495],[75.28,71.43],[75.298,71.378],[75.332,71.342],[75.734,71.266],[76.11,71.219],[76.742,71.202],[76.929,71.128],[76.995,71.181],[77.59,71.168],[78.068,70.986],[78.321,70.93],[78.526,70.912],[78.942,70.934],[79.015,70.95],[79.084,71.002],[78.889,70.997],[78.804,70.974],[78.724,70.976],[78.588,70.994],[78.491,71.025],[78.387,71.087],[78.213,71.266],[77.908,71.324],[77.707,71.301],[77.481,71.312],[77.114,71.409],[76.871,71.447],[76.433,71.552],[76.312,71.595],[76.216,71.683],[76.104,71.829],[76.032,71.91],[76.124,71.927],[76.422,72.006],[76.871,72.033],[77.061,72.004],[77.551,71.842],[77.778,71.836],[78.187,71.907],[78.232,71.952],[78.141,72.045],[78.016,72.092],[77.781,72.114],[77.493,72.072],[77.411,72.108],[77.44,72.157],[77.472,72.192],[77.625,72.201],[77.733,72.229],[77.968,72.329],[78.225,72.377],[78.483,72.395],[79.422,72.381],[79.954,72.223],[80.474,72.153],[80.699,72.098],[80.763,72.089],[80.815,72.054],[80.856,71.97],[81.511,71.746],[81.662,71.716],[82.08,71.707],[82.547,71.759],[82.758,71.764],[82.986,71.749],[83.107,71.721],[83.234,71.668],[83.166,71.602],[83.106,71.562],[82.977,71.451],[82.918,71.42],[82.493,71.293],[82.323,71.26],[82.277,71.093],[82.254,71.056],[82.239,70.998],[82.316,70.879],[82.336,70.807],[82.271,70.707],[82.163,70.598],[82.182,70.511],[82.221,70.396],[82.236,70.43],[82.231,70.483],[82.258,70.544],[82.452,70.69],[82.592,70.89],[82.738,70.942],[82.869,70.955],[83.01,70.895],[83.051,70.815],[83.058,70.695],[83.03,70.581],[82.92,70.407],[82.742,70.286],[82.682,70.218],[82.767,70.154],[82.857,70.105],[82.961,70.088],[83.081,70.093],[83.11,70.11],[83.132,70.157],[83.094,70.221],[83.074,70.277],[83.293,70.321],[83.497,70.345],[83.66,70.418],[83.7,70.466],[83.736,70.546],[83.651,70.672],[83.579,70.766],[83.334,70.989],[83.151,71.104],[83.266,71.276],[83.458,71.468],[83.531,71.514],[83.55,71.544],[83.571,71.594],[83.554,71.65],[83.534,71.684],[83.34,71.828],[83.2,71.875],[82.755,71.903],[82.645,71.925],[82.319,72.072],[82.281,72.105],[82.209,72.211],[82.184,72.238],[82.094,72.265],[81.793,72.327],[81.586,72.352],[81.283,72.359],[81.098,72.39],[80.827,72.488],[80.798,72.52],[80.72,72.648],[80.656,72.712],[80.675,72.759],[80.774,72.861],[80.842,72.949],[80.757,73.025],[80.639,73.049],[80.51,73.086],[80.455,73.155],[80.425,73.231],[80.419,73.29],[80.398,73.357],[80.458,73.414],[80.596,73.474],[80.562,73.515],[80.583,73.568],[81.469,73.64],[81.817,73.659],[83.545,73.667],[83.667,73.686],[84.417,73.722],[84.738,73.763],[85.077,73.72],[85.201,73.722],[85.448,73.735],[85.611,73.822],[85.979,73.857],[86.591,73.894],[86.893,73.887],[86.961,73.861],[87.029,73.824],[86.698,73.717],[86.366,73.62],[86.094,73.578],[85.827,73.493],[85.8,73.459],[85.793,73.438],[85.802,73.372],[85.818,73.327],[86.098,73.273],[86.308,73.196],[86.514,73.14],[86.677,73.107],[86.715,73.126],[86.122,73.307],[85.971,73.347],[85.91,73.39],[85.939,73.456],[85.999,73.486],[86.092,73.519],[86.155,73.535],[86.376,73.569],[87.12,73.615],[87.294,73.705],[87.37,73.756],[87.571,73.811],[87.503,73.832],[87.338,73.846],[87.21,73.879],[86.697,74.195],[86.571,74.244],[86.178,74.279],[86.001,74.316],[86.183,74.423],[86.396,74.45],[86.538,74.444],[86.665,74.414],[86.898,74.325],[87.23,74.364],[87.106,74.404],[86.894,74.45],[86.7,74.522],[86.426,74.585],[86.116,74.629],[85.791,74.645],[85.881,74.74],[86.059,74.728],[86.12,74.757],[86.201,74.816],[86.651,74.682],[86.863,74.718],[87.042,74.779],[87.419,74.941],[87.468,75.013],[87.287,75.053],[87.141,75.072],[86.939,75.068],[86.922,75.113],[87.006,75.17],[87.171,75.192],[87.671,75.13],[88.504,75.29],[88.733,75.369],[89.31,75.47],[89.595,75.458],[90.185,75.591],[91.005,75.65],[91.479,75.65],[91.845,75.724],[92.408,75.75],[92.603,75.779],[93.55,75.854],[94.075,75.913],[94.156,75.959],[93.687,75.922],[93.574,75.956],[93.475,75.933],[93.406,75.901],[93.178,75.959],[93.116,75.945],[93.069,75.913],[92.987,75.903],[92.89,75.91],[92.859,75.979],[92.972,76.075],[93.105,76.026],[93.259,76.099],[93.36,76.101],[93.648,76.054],[93.843,76.101],[94.102,76.124],[94.388,76.103],[94.507,76.108],[94.576,76.152],[95.038,76.114],[95.359,76.14],[95.579,76.137],[95.92,76.113],[96.075,76.082],[95.986,76.01],[95.653,75.892],[95.744,75.872],[95.935,75.926],[96.509,76.006],[96.601,75.99],[96.538,75.922],[96.497,75.891],[96.879,75.931],[97.205,76.019],[97.351,76.033],[97.499,75.98],[97.638,76.029],[97.67,76.078],[97.918,76.089],[98.02,76.134],[98.195,76.166],[98.342,76.181],[98.662,76.243],[98.771,76.224],[98.985,76.208],[99.187,76.178],[99.563,76.109],[99.616,76.082],[99.663,76.078],[99.77,76.029],[99.689,75.956],[99.602,75.852],[99.442,75.803],[99.541,75.799],[99.609,75.811],[99.737,75.881],[99.851,75.93],[99.825,76.136],[99.617,76.24],[99.461,76.275],[99.094,76.384],[98.97,76.431],[98.806,76.481],[98.869,76.51],[99.576,76.471],[99.936,76.49],[100.322,76.479],[100.844,76.525],[101.061,76.477],[101.311,76.479],[101.598,76.439],[101.684,76.485],[101.213,76.536],[101.003,76.531],[100.928,76.557],[101.006,76.615],[101.099,76.704],[101.008,76.781],[100.92,76.823],[100.906,76.901],[100.99,76.99],[101.186,77.029],[101.293,77.102],[101.518,77.198],[102.61,77.509],[103.131,77.626],[103.331,77.641],[103.561,77.632],[104.015,77.73],[104.185,77.73],[104.814,77.652],[104.965,77.595],[105.309,77.549],[105.71,77.525],[105.895,77.489],[105.983,77.448],[106.06,77.391],[105.734,77.352],[105.385,77.238],[104.912,77.175],[104.324,77.133],[104.202,77.102],[105.32,77.092],[105.646,77.101],[105.712,77.001],[105.822,76.998],[106.145,77.045],[106.339,77.048],[106.705,77.014],[106.784,77.032],[106.942,77.034],[107.279,76.991],[107.43,76.927],[107.19,76.822],[106.941,76.73],[106.639,76.573],[106.546,76.586],[106.385,76.589],[106.414,76.512],[106.683,76.515],[106.825,76.48],[107.158,76.524],[107.624,76.51],[107.722,76.522],[107.902,76.57],[107.95,76.661],[108.028,76.718],[108.182,76.738],[108.352,76.72],[108.638,76.72],[109.369,76.749],[109.981,76.712],[110.471,76.758],[111.115,76.723],[111.392,76.687],[111.601,76.622],[111.786,76.604],[111.939,76.553],[112.094,76.48],[112.017,76.421],[111.943,76.38],[112.143,76.424],[112.297,76.435],[112.413,76.408],[112.62,76.384],[112.684,76.219],[112.743,76.187],[112.798,76.13],[112.722,76.077],[112.656,76.054],[112.819,76.059],[113.047,76.114],[113.094,76.133],[113.15,76.175],[113.066,76.215],[112.988,76.24],[113.086,76.258],[113.273,76.252],[113.366,76.179],[113.428,76.112],[113.564,75.892],[113.857,75.921],[113.871,75.856],[113.749,75.705],[113.62,75.593],[113.568,75.568],[113.486,75.564],[113.517,75.622],[113.469,75.657],[113.392,75.678],[113.126,75.699],[112.629,75.835],[112.497,75.85],[112.466,75.844],[112.453,75.83],[112.73,75.738],[112.956,75.572],[113.162,75.621],[113.243,75.611],[113.356,75.534],[113.559,75.502],[113.726,75.451],[113.614,75.293],[112.925,75.015],[112.192,74.853],[111.868,74.74],[111.299,74.658],[110.893,74.548],[110.374,74.466],[110.226,74.379],[109.84,74.322],[109.866,74.293],[109.911,74.261],[109.864,74.209],[109.81,74.169],[109.511,74.089],[109.075,74.032],[108.2,73.694],[107.765,73.625],[107.271,73.621],[107.167,73.589],[106.794,73.377],[106.679,73.331],[106.189,73.308],[105.677,72.959],[105.393,72.841],[105.144,72.777],[105.403,72.79],[105.708,72.837],[106.067,72.95],[106.16,73.002],[106.209,73.061],[106.315,73.106],[106.478,73.139],[107.109,73.177],[107.369,73.163],[107.75,73.173],[108.001,73.236],[108.151,73.258],[108.285,73.266],[108.351,73.31],[108.575,73.319],[109.09,73.378],[109.166,73.4],[109.331,73.487],[109.637,73.454],[109.855,73.472],[110.429,73.629],[110.773,73.689],[110.868,73.731],[110.799,73.76],[110.722,73.78],[110.388,73.726],[110.091,73.709],[109.753,73.723],[109.707,73.744],[109.666,73.8],[109.774,73.881],[109.869,73.931],[110.084,73.994],[110.261,74.017],[110.92,73.948],[111.056,73.939],[111.131,74.053],[111.341,74.047],[111.551,74.029],[111.46,74.005],[111.228,73.969],[111.3,73.885],[111.4,73.828],[111.804,73.745],[112.147,73.709],[112.4,73.711],[112.795,73.746],[112.856,73.771],[112.94,73.836],[112.836,73.962],[112.935,73.946],[113.033,73.914],[113.182,73.837],[113.327,73.707],[113.416,73.648],[113.364,73.583],[113.157,73.46],[113.277,73.392],[113.491,73.346],[113.488,73.145],[113.475,73.048],[113.369,72.942],[113.247,72.897],[113.128,72.831],[113.158,72.769],[113.186,72.73],[113.312,72.657],[113.665,72.635],[113.712,72.654],[113.63,72.677],[113.391,72.711],[113.298,72.739],[113.216,72.806],[113.312,72.878],[113.417,72.932],[113.543,73.054],[113.581,73.142],[113.559,73.233],[113.639,73.274],[113.765,73.318],[113.829,73.327],[113.886,73.346],[113.795,73.367],[113.711,73.379],[113.539,73.434],[113.51,73.505],[113.857,73.533],[114.061,73.585],[114.816,73.607],[115.338,73.703],[116.496,73.676],[117.309,73.599],[118.45,73.59],[118.871,73.538],[118.911,73.518],[118.936,73.481],[118.754,73.465],[118.457,73.464],[118.377,73.367],[118.43,73.247],[118.96,73.117],[119.425,73.064],[119.75,72.979],[119.922,72.971],[120.598,72.981],[120.997,72.937],[121.354,72.971],[121.748,72.97],[121.886,72.961],[122.03,72.897],[122.26,72.881],[122.537,72.878],[122.692,72.891],[122.752,72.906],[122.731,72.931],[122.502,72.971],[122.527,73.017],[122.615,73.028],[122.999,72.965],[123.16,72.955],[123.301,73.002],[123.405,73.086],[123.462,73.144],[123.522,73.173],[123.572,73.177],[123.622,73.193],[123.501,73.262],[123.384,73.347],[123.355,73.402],[123.323,73.431],[123.305,73.533],[123.416,73.637],[123.491,73.666],[123.797,73.627],[123.934,73.689],[124.019,73.712],[124.388,73.755],[124.541,73.751],[124.796,73.712],[125.617,73.521],[125.599,73.447],[125.794,73.468],[125.888,73.498],[126.107,73.517],[126.254,73.548],[126.296,73.537],[126.345,73.506],[126.309,73.464],[126.257,73.42],[126.292,73.394],[126.335,73.389],[126.553,73.335],[126.838,73.434],[126.955,73.528],[127.031,73.547],[127.74,73.482],[127.955,73.446],[127.997,73.426],[128.026,73.391],[128.142,73.352],[128.281,73.331],[128.264,73.301],[128.258,73.267],[128.587,73.262],[128.73,73.233],[128.889,73.19],[128.872,73.139],[128.913,73.111],[129.059,73.108],[129.101,73.112],[129.054,73.045],[128.854,72.973],[128.735,72.943],[128.599,72.895],[128.674,72.886],[129.017,72.872],[129.229,72.776],[129.25,72.705],[129.118,72.677],[128.815,72.586],[128.633,72.55],[128.508,72.547],[128.418,72.535],[128.549,72.496],[129.117,72.486],[129.281,72.438],[129.412,72.315],[129.411,72.166],[129.283,72.092],[128.935,72.079],[128.475,72.246],[128.197,72.31],[127.803,72.434],[127.726,72.413],[127.841,72.308],[128.027,72.25],[128.359,72.088],[128.911,71.755],[129.04,71.782],[129.117,71.825],[129.154,71.879],[129.122,71.953],[129.21,71.917],[129.292,71.85],[129.461,71.739],[129.234,71.745],[128.949,71.708],[128.843,71.663],[128.923,71.602],[129.134,71.593],[129.225,71.509],[129.39,71.405],[129.762,71.12],[130.026,71.065],[130.281,70.947],[130.537,70.893],[130.668,70.888],[130.757,70.962],[130.832,70.936],[130.898,70.804],[131.022,70.746],[131.157,70.742],[131.268,70.766],[131.432,70.828],[131.562,70.901],[131.769,71.101],[131.906,71.203],[132.035,71.244],[131.991,71.293],[132.004,71.35],[132.099,71.484],[132.228,71.643],[132.326,71.726],[132.562,71.895],[132.654,71.926],[132.716,71.871],[132.769,71.799],[132.804,71.768],[132.839,71.755],[133.131,71.607],[133.426,71.491],[133.689,71.434],[134.103,71.379],[134.703,71.387],[134.814,71.461],[135.022,71.515],[135.359,71.544],[135.559,71.61],[135.885,71.631],[136.09,71.62],[136.406,71.571],[137.116,71.416],[137.315,71.359],[137.417,71.299],[137.651,71.208],[137.798,71.164],[137.94,71.133],[137.992,71.143],[137.974,71.169],[137.902,71.194],[137.844,71.227],[138.013,71.261],[138.033,71.286],[138.091,71.307],[138.314,71.326],[138.097,71.359],[138.022,71.363],[137.918,71.384],[137.927,71.43],[137.996,71.464],[138.048,71.526],[138.118,71.566],[138.234,71.596],[138.318,71.603],[138.525,71.563],[138.67,71.635],[138.78,71.629],[139.005,71.556],[139.209,71.445],[139.32,71.445],[139.632,71.489],[139.984,71.492],[139.939,71.558],[139.695,71.7],[139.723,71.885],[139.552,71.927],[139.359,71.951],[139.64,71.998],[139.847,72.149],[140.014,72.162],[140.188,72.191],[140.134,72.21],[139.617,72.226],[139.505,72.208],[139.43,72.163],[139.176,72.163],[139.145,72.264],[139.141,72.33],[139.474,72.467],[139.601,72.496],[140.451,72.493],[140.705,72.519],[141.079,72.587],[140.983,72.63],[140.973,72.717],[140.652,72.843],[140.676,72.872],[140.708,72.89],[140.808,72.891],[141.31,72.858],[141.518,72.789],[142.061,72.721],[143.516,72.698],[143.681,72.673],[144.304,72.643],[144.569,72.61],[145.199,72.57],[145.486,72.542],[145.714,72.497],[146.083,72.471],[146.253,72.442],[146.235,72.35],[145.467,72.362],[145.213,72.393],[144.897,72.396],[144.776,72.382],[144.588,72.306],[144.361,72.265],[144.169,72.259],[144.295,72.193],[144.471,72.175],[145.039,72.26],[146.594,72.302],[146.832,72.295],[146.807,72.237],[146.599,72.124],[146.402,72.035],[146.113,71.945],[146.006,71.945],[146.23,72.138],[146.137,72.146],[146.051,72.142],[145.799,72.222],[145.759,72.226],[145.71,72.206],[145.71,72.178],[145.664,72.067],[145.757,72.021],[145.757,71.941],[145.407,71.89],[145.271,71.895],[145.126,71.927],[145.064,71.926],[145.047,71.901],[145.078,71.855],[145.074,71.831],[145.018,71.794],[144.99,71.753],[145.076,71.707],[145.189,71.696],[145.805,71.746],[146.073,71.808],[146.368,71.922],[146.895,72.198],[147.127,72.292],[147.262,72.328],[147.434,72.341],[148.402,72.312],[148.965,72.252],[149.502,72.164],[149.766,72.091],[149.963,71.992],[149.998,71.95],[150.017,71.896],[149.881,71.843],[149.28,71.826],[149.049,71.796],[148.965,71.763],[148.955,71.744],[148.923,71.715],[148.968,71.69],[149.238,71.688],[149.498,71.664],[149.857,71.601],[149.913,71.581],[150.026,71.521],[150.061,71.511],[150.6,71.52],[150.635,71.499],[150.668,71.455],[150.525,71.386],[150.385,71.339],[150.098,71.227],[150.243,71.267],[150.822,71.363],[150.968,71.38],[151.145,71.374],[151.582,71.287],[151.76,71.218],[152.093,71.023],[152.0,71.002],[151.762,70.982],[152.509,70.834],[152.798,70.836],[153.461,70.879],[153.794,70.88],[154.414,70.974],[155.029,71.034],[155.596,71.039],[155.895,71.096],[156.685,71.094],[157.447,71.075],[158.037,71.039],[158.702,70.935],[159.351,70.791],[159.728,70.65],[159.805,70.605],[159.912,70.506],[159.959,70.424],[160.006,70.31],[159.983,70.221],[159.89,70.159],[159.831,70.081],[159.839,69.99],[159.729,69.87],[159.833,69.785],[160.119,69.73],[160.739,69.655],[160.911,69.606],[160.929,69.459],[160.982,69.334],[161.036,69.098],[161.141,69.039],[161.31,68.982],[161.341,68.905],[161.129,68.654],[160.997,68.608],[160.856,68.538],[161.104,68.562],[161.23,68.654],[161.365,68.823],[161.495,68.85],[161.566,68.905],[161.566,69.064],[161.48,69.202],[161.48,69.3],[161.537,69.38],[161.945,69.545],[162.166,69.612],[162.376,69.649],[162.945,69.683],[163.201,69.715],[163.498,69.693],[163.705,69.702],[163.946,69.735],[164.16,69.719],[164.513,69.609],[165.761,69.584],[165.98,69.546],[166.82,69.5],[166.884,69.5],[167.073,69.554],[167.628,69.74],[167.857,69.728],[167.95,69.699],[168.048,69.626],[168.15,69.577],[168.23,69.447],[168.303,69.271],[168.423,69.24],[168.588,69.228],[168.946,69.163],[169.311,69.08],[169.415,68.92],[169.61,68.786],[170.066,68.799],[170.538,68.825],[170.995,69.045],[170.997,69.135],[170.884,69.264],[170.714,69.388],[170.582,69.583],[170.161,69.627],[170.201,69.683],[170.36,69.751],[170.503,69.857],[170.525,69.938],[170.487,70.108],[170.868,70.096],[171.247,70.076],[171.971,70.0],[172.56,69.968],[172.869,69.92],[173.056,69.865],[173.277,69.824],[173.353,69.924],[173.439,69.947],[173.733,69.891],[173.948,69.874],[174.319,69.882],[174.786,69.856],[175.296,69.86],[175.751,69.904],[175.921,69.895],[176.108,69.86],[176.41,69.769],[176.924,69.646],[177.395,69.612],[177.934,69.496],[178.443,69.453],[178.848,69.387],[178.907,69.362],[178.925,69.326],[178.951,69.296],[179.273,69.26],[179.868,69.013],[180,68.983],[180,65.31],[180,65.067],[179.827,65.034],[179.651,64.921],[179.448,64.822],[179.15,64.782],[178.698,64.631],[178.52,64.603],[178.285,64.672],[177.749,64.717],[177.582,64.778],[177.337,64.931],[177.252,64.954],[177.179,65.014],[176.881,65.082],[176.625,65.038],[176.413,65.071],[176.341,65.047],[176.452,65.025],[176.646,65.007],[176.94,65.016],[177.037,65.0],[177.123,64.947],[177.223,64.862],[177.148,64.805],[177.069,64.787],[176.831,64.849],[176.557,64.84],[176.429,64.855],[176.061,64.961],[175.781,64.844],[175.396,64.784],[175.098,64.777],[174.549,64.684],[174.699,64.681],[175.097,64.747],[175.331,64.747],[175.678,64.782],[175.859,64.825],[175.946,64.865],[176.057,64.905],[176.169,64.885],[176.247,64.843],[176.301,64.784],[176.351,64.705],[176.283,64.664],[176.219,64.642],[176.141,64.586],[176.508,64.682],[176.731,64.625],[176.843,64.634],[177.05,64.719],[177.387,64.774],[177.427,64.763],[177.467,64.737],[177.41,64.573],[177.433,64.444],[177.688,64.305],[177.953,64.222],[178.045,64.22],[178.131,64.235],[178.164,64.309],[178.229,64.364],[178.313,64.314],[178.381,64.261],[178.477,64.128],[178.475,64.089],[178.451,64.011],[178.536,63.976],[178.65,63.965],[178.692,63.842],[178.731,63.667],[178.681,63.651],[178.626,63.651],[178.44,63.606],[178.466,63.574],[178.654,63.557],[178.706,63.522],[178.669,63.44],[178.679,63.402],[178.744,63.395],[178.787,63.442],[178.775,63.51],[178.793,63.54],[178.919,63.4],[178.921,63.345],[179.028,63.282],[179.332,63.19],[179.389,63.147],[179.405,63.078],[179.329,63.058],[179.26,63.008],[179.302,62.94],[179.381,62.884],[179.511,62.863],[179.571,62.773],[179.571,62.688],[179.477,62.613],[179.289,62.51],[179.177,62.469],[179.134,62.396],[179.121,62.32],[179.045,62.324],[178.964,62.355],[178.019,62.547],[177.663,62.583],[177.351,62.587],[177.293,62.599],[177.296,62.644],[177.316,62.685],[177.36,62.737],[177.339,62.781],[177.298,62.784],[177.259,62.75],[177.173,62.75],[177.091,62.79],[177.024,62.777],[176.99,62.722],[176.963,62.693],[176.965,62.659],[177.008,62.627],[177.19,62.592],[177.159,62.561],[176.907,62.536],[176.703,62.506],[176.437,62.411],[176.328,62.346],[175.614,62.184],[175.442,62.128],[175.366,62.121],[175.268,62.102],[175.192,62.034],[174.798,61.939],[174.715,61.948],[174.611,61.868],[174.514,61.824],[174.285,61.818],[174.139,61.795],[173.822,61.679],[173.623,61.716],[173.391,61.557],[173.132,61.407],[173.055,61.406],[172.857,61.469],[172.807,61.436],[172.838,61.376],[172.908,61.312],[172.868,61.293],[172.789,61.311],[172.731,61.314],[172.69,61.295],[172.697,61.249],[172.585,61.19],[172.497,61.186],[172.396,61.167],[172.362,61.117],[172.393,61.062],[172.213,60.998],[172.067,60.916],[171.998,60.901],[171.918,60.864],[171.831,60.837],[171.729,60.843],[171.49,60.726],[170.949,60.523],[170.799,60.496],[170.608,60.435],[170.59,60.394],[170.589,60.343],[170.512,60.26],[170.423,60.048],[170.396,60.01],[170.351,59.966],[170.154,59.986],[169.983,60.067],[169.927,60.104],[169.898,60.148],[169.887,60.218],[169.854,60.25],[169.815,60.265],[169.618,60.438],[169.276,60.557],[169.227,60.596],[168.788,60.564],[168.67,60.563],[168.463,60.592],[168.137,60.574],[167.746,60.509],[167.626,60.469],[167.227,60.406],[166.964,60.307],[166.453,59.947],[166.332,59.872],[166.273,59.856],[166.187,59.849],[166.149,59.922],[166.136,59.979],[166.168,60.089],[166.23,60.178],[166.292,60.346],[166.308,60.414],[166.352,60.485],[166.18,60.48],[165.942,60.357],[165.583,60.236],[165.416,60.205],[165.285,60.135],[165.193,60.125],[165.085,60.099],[165.074,59.946],[165.019,59.861],[164.954,59.844],[164.854,59.841],[164.779,59.874],[164.67,59.997],[164.525,60.061],[164.44,60.073],[164.377,60.058],[164.252,59.974],[164.113,59.898],[164.135,59.984],[164.018,60.017],[163.913,60.037],[163.78,60.041],[163.744,60.028],[163.69,59.978],[163.574,59.914],[163.494,59.887],[163.41,59.835],[163.365,59.781],[163.321,59.705],[163.269,59.52],[163.273,59.303],[163.085,59.131],[163.01,59.148],[162.975,59.137],[162.94,59.114],[163.004,59.02],[162.97,58.986],[162.935,58.964],[162.847,58.939],[162.643,58.8],[162.453,58.709],[162.142,58.447],[162.049,58.273],[161.96,58.077],[162.002,57.981],[162.04,57.918],[162.098,57.875],[162.197,57.829],[162.411,57.778],[162.392,57.745],[162.391,57.717],[162.467,57.766],[162.522,57.904],[162.654,57.948],[162.718,57.946],[163.145,57.837],[163.226,57.79],[163.214,57.687],[163.188,57.637],[163.109,57.565],[162.957,57.477],[162.779,57.358],[162.762,57.284],[162.762,57.244],[162.808,57.103],[162.815,57.023],[162.791,56.875],[162.803,56.811],[162.85,56.757],[162.922,56.723],[163.046,56.741],[163.165,56.725],[163.257,56.688],[163.243,56.565],[163.294,56.448],[163.336,56.233],[163.261,56.174],[163.189,56.137],[163.047,56.045],[162.972,56.034],[162.84,56.066],[162.628,56.232],[162.713,56.331],[162.893,56.399],[162.975,56.449],[163.038,56.522],[162.944,56.508],[162.878,56.476],[162.671,56.49],[162.589,56.455],[162.489,56.399],[162.528,56.261],[162.461,56.235],[162.334,56.188],[162.146,56.128],[162.085,56.09],[161.924,55.84],[161.776,55.655],[161.724,55.496],[161.729,55.358],[161.785,55.205],[161.824,55.139],[161.996,54.998],[162.08,54.886],[162.106,54.752],[161.967,54.689],[161.726,54.533],[161.625,54.516],[161.294,54.521],[161.13,54.598],[160.936,54.578],[160.773,54.541],[160.517,54.431],[160.289,54.288],[160.074,54.189],[160.01,54.131],[159.922,54.008],[159.844,53.784],[159.871,53.673],[159.914,53.621],[159.956,53.552],[159.899,53.448],[159.898,53.381],[160.002,53.275],[160.025,53.13],[159.947,53.125],[159.772,53.23],[159.586,53.238],[159.136,53.117],[158.952,53.048],[158.745,52.909],[158.684,52.935],[158.64,53.015],[158.565,53.05],[158.472,53.032],[158.432,52.957],[158.56,52.922],[158.609,52.874],[158.534,52.688],[158.481,52.627],[158.5,52.46],[158.493,52.383],[158.463,52.305],[158.332,52.091],[158.104,51.81],[157.823,51.605],[157.629,51.535],[157.531,51.48],[157.49,51.409],[157.202,51.213],[156.847,51.007],[156.748,50.969],[156.724,51.047],[156.713,51.124],[156.671,51.227],[156.543,51.312],[156.521,51.38],[156.5,51.475],[156.49,51.913],[156.377,52.367],[156.365,52.509],[156.229,52.626],[156.154,52.747],[156.11,52.866],[156.099,53.006],[155.95,53.744],[155.905,53.928],[155.706,54.521],[155.62,54.865],[155.564,55.199],[155.555,55.348],[155.643,55.794],[155.717,56.072],[155.983,56.695],[156.025,56.752],[156.067,56.782],[156.529,57.021],[156.728,57.152],[156.849,57.29],[156.977,57.466],[156.964,57.561],[156.948,57.616],[156.9,57.677],[156.792,57.748],[156.83,57.78],[156.872,57.804],[156.986,57.83],[157.217,57.777],[157.45,57.799],[157.666,58.02],[157.975,57.986],[158.21,58.025],[158.275,58.009],[158.321,58.083],[158.449,58.163],[158.687,58.281],[159.037,58.424],[159.211,58.519],[159.308,58.611],[159.453,58.696],[159.592,58.804],[159.847,59.127],[160.35,59.394],[160.547,59.547],[160.711,59.602],[160.855,59.627],[161.219,59.846],[161.449,60.027],[161.754,60.152],[161.846,60.232],[162.004,60.42],[162.068,60.466],[162.266,60.537],[162.713,60.659],[162.973,60.783],[163.352,60.8],[163.466,60.85],[163.585,60.877],[163.71,60.917],[163.554,61.026],[163.589,61.084],[163.62,61.111],[163.893,61.24],[164.005,61.344],[163.992,61.388],[163.973,61.42],[163.804,61.461],[163.837,61.558],[163.883,61.64],[164.02,61.711],[164.068,61.874],[164.074,62.045],[164.207,62.292],[164.287,62.347],[164.598,62.471],[164.671,62.474],[164.888,62.432],[165.124,62.412],[165.208,62.374],[165.226,62.406],[165.214,62.448],[165.28,62.463],[165.417,62.447],[165.397,62.494],[165.044,62.517],[164.792,62.571],[164.567,62.675],[164.418,62.705],[164.256,62.697],[163.332,62.551],[163.287,62.511],[163.244,62.455],[163.302,62.373],[163.258,62.337],[163.213,62.313],[163.163,62.26],[163.118,62.153],[163.131,62.05],[163.018,61.891],[163.009,61.792],[163.208,61.737],[163.258,61.699],[163.198,61.645],[163.139,61.611],[163.085,61.571],[163.047,61.554],[162.994,61.544],[162.922,61.598],[162.856,61.705],[162.752,61.711],[162.718,61.695],[162.699,61.653],[162.608,61.65],[162.506,61.67],[162.393,61.662],[162.188,61.541],[161.037,60.963],[160.915,60.893],[160.767,60.753],[160.482,60.74],[160.368,60.709],[160.287,60.667],[160.174,60.638],[160.177,60.691],[160.201,60.73],[160.226,60.832],[160.379,61.025],[160.281,61.045],[160.184,61.048],[160.004,61.007],[159.883,60.943],[159.79,60.957],[159.835,61.014],[159.949,61.129],[159.914,61.234],[159.883,61.292],[159.931,61.324],[160.163,61.538],[160.247,61.648],[160.317,61.793],[160.321,61.839],[160.309,61.894],[160.238,61.904],[160.183,61.903],[159.722,61.758],[159.552,61.719],[159.496,61.781],[159.423,61.808],[159.295,61.914],[159.189,61.929],[159.077,61.922],[158.824,61.85],[158.547,61.811],[158.334,61.826],[158.152,61.765],[158.07,61.754],[157.799,61.795],[157.469,61.799],[157.371,61.747],[157.084,61.676],[156.892,61.565],[156.791,61.53],[156.68,61.481],[156.63,61.272],[156.483,61.206],[156.344,61.155],[156.056,60.996],[155.853,60.777],[155.716,60.682],[155.428,60.55],[154.971,60.377],[154.578,60.095],[154.441,59.884],[154.39,59.877],[154.293,59.833],[154.267,59.73],[154.269,59.658],[154.209,59.6],[154.15,59.529],[154.213,59.483],[154.272,59.475],[154.358,59.481],[154.583,59.54],[154.971,59.45],[155.167,59.36],[155.153,59.27],[155.16,59.19],[155.017,59.196],[154.824,59.188],[154.704,59.141],[154.458,59.217],[154.376,59.188],[154.247,59.109],[154.011,59.076],[153.892,59.114],[153.695,59.225],[153.361,59.215],[153.273,59.091],[153.196,59.094],[153.078,59.082],[152.882,58.939],[152.818,58.926],[152.576,58.954],[152.401,59.026],[152.32,59.031],[152.165,58.997],[152.088,58.91],[151.705,58.867],[151.327,58.875],[151.121,59.083],[151.505,59.164],[151.733,59.147],[151.99,59.16],[152.261,59.224],[152.17,59.278],[152.104,59.291],[151.942,59.284],[151.798,59.323],[151.486,59.524],[151.348,59.561],[151.17,59.583],[151.034,59.586],[150.983,59.571],[150.912,59.523],[150.863,59.475],[150.823,59.461],[150.729,59.469],[150.615,59.507],[150.484,59.494],[150.54,59.525],[150.667,59.556],[150.457,59.591],[150.326,59.639],[150.203,59.651],[149.643,59.77],[149.425,59.761],[149.29,59.728],[149.065,59.631],[149.128,59.559],[149.175,59.527],[149.205,59.488],[149.133,59.481],[148.925,59.475],[148.797,59.532],[148.709,59.449],[148.744,59.374],[148.89,59.4],[148.965,59.369],[148.914,59.283],[148.727,59.258],[148.491,59.262],[148.257,59.414],[147.875,59.388],[147.688,59.291],[147.514,59.269],[147.04,59.366],[146.804,59.373],[146.537,59.457],[146.444,59.43],[146.273,59.221],[146.05,59.171],[145.932,59.198],[145.829,59.33],[145.756,59.374],[145.555,59.414],[144.483,59.376],[144.123,59.408],[143.869,59.411],[143.524,59.344],[143.192,59.37],[142.58,59.24],[142.33,59.153],[142.025,59.0],[141.755,58.745],[141.603,58.649],[141.347,58.528],[140.988,58.417],[140.79,58.303],[140.685,58.212],[140.495,57.865],[140.447,57.814],[140.002,57.688],[139.862,57.549],[139.803,57.514],[139.619,57.456],[139.507,57.358],[139.444,57.33],[139.182,57.262],[138.966,57.088],[138.662,56.966],[138.218,56.629],[138.18,56.589],[138.141,56.499],[138.074,56.433],[137.692,56.139],[137.573,56.112],[137.384,55.975],[137.19,55.892],[137.012,55.795],[136.794,55.694],[136.46,55.577],[136.351,55.51],[136.175,55.352],[135.751,55.161],[135.541,55.114],[135.262,54.943],[135.235,54.903],[135.212,54.841],[135.258,54.731],[135.325,54.707],[135.438,54.692],[135.852,54.584],[136.238,54.614],[136.58,54.614],[136.715,54.624],[136.797,54.621],[136.824,54.561],[136.82,54.452],[136.77,54.353],[136.729,54.061],[136.683,53.931],[136.719,53.804],[136.803,53.782],[136.886,53.839],[137.019,53.848],[137.155,53.822],[137.258,54.025],[137.172,54.057],[137.096,54.129],[137.142,54.182],[137.378,54.282],[137.525,54.291],[137.666,54.283],[137.513,54.156],[137.451,54.13],[137.403,54.124],[137.339,54.101],[137.476,54.028],[137.623,53.97],[137.835,53.947],[137.786,53.903],[137.645,53.866],[137.517,53.707],[137.314,53.632],[137.221,53.579],[137.254,53.546],[137.328,53.539],[137.738,53.56],[137.95,53.604],[138.253,53.726],[138.379,53.909],[138.494,53.96],[138.528,53.96],[138.568,53.947],[138.569,53.819],[138.407,53.674],[138.292,53.592],[138.25,53.524],[138.32,53.523],[138.451,53.537],[138.511,53.57],[138.661,53.745],[138.699,53.87],[138.722,54.044],[138.705,54.148],[138.716,54.223],[138.657,54.298],[138.696,54.32],[139.105,54.218],[139.32,54.193],[139.707,54.277],[139.796,54.256],[139.858,54.205],[140.179,54.052],[140.242,54.001],[140.347,53.813],[140.688,53.596],[141.006,53.495],[141.015,53.454],[141.218,53.334],[141.374,53.293],[141.402,53.184],[141.328,53.097],[141.181,53.015],[140.887,53.092],[140.84,53.088],[140.875,53.04],[141.087,52.898],[141.256,52.84],[141.266,52.653],[141.245,52.55],[141.132,52.436],[141.17,52.368],[141.33,52.271],[141.409,52.234],[141.485,52.179],[141.386,52.057],[141.367,51.921],[141.258,51.861],[141.129,51.728],[140.933,51.62],[140.839,51.414],[140.688,51.232],[140.671,51.051],[140.646,50.987],[140.521,50.8],[140.476,50.546],[140.535,50.131],[140.564,50.107],[140.625,50.082],[140.613,50.054],[140.585,50.033],[140.463,49.911],[140.465,49.826],[140.511,49.762],[140.517,49.596],[140.431,49.331],[140.399,49.29],[140.364,49.221],[140.349,49.159],[140.326,49.12],[140.309,49.054],[140.334,48.995],[140.378,48.964],[140.224,48.773],[140.171,48.524],[140.113,48.423],[139.998,48.324],[139.761,48.181],[139.676,48.09],[139.521,47.975],[139.373,47.887],[139.167,47.635],[139.001,47.383],[138.587,47.057],[138.53,46.976],[138.5,46.89],[138.392,46.745],[138.337,46.543],[138.21,46.463],[138.106,46.251],[137.769,45.929],[137.685,45.818],[137.425,45.64],[137.147,45.394],[136.804,45.171],[136.737,45.08],[136.604,44.978],[136.46,44.822],[136.251,44.667],[136.209,44.562],[136.142,44.489],[135.987,44.44],[135.875,44.374],[135.533,43.971],[135.489,43.899],[135.483,43.835],[135.26,43.685],[135.131,43.526],[134.917,43.427],[134.692,43.291],[134.156,43.042],[134.01,42.947],[133.709,42.83],[133.587,42.828],[133.329,42.764],[133.16,42.697],[133.059,42.723],[132.997,42.808],[132.924,42.805],[132.864,42.794],[132.709,42.876],[132.576,42.872],[132.481,42.91],[132.304,42.883],[132.334,43.239],[132.31,43.314],[132.233,43.245],[132.029,43.119],[131.947,43.095],[131.867,43.095],[131.898,43.171],[132.013,43.28],[131.976,43.296],[131.939,43.302],[131.795,43.255],[131.722,43.203],[131.516,42.996],[131.393,42.822],[131.292,42.772],[131.245,42.697],[131.158,42.626],[131.025,42.645],[130.946,42.634],[130.756,42.673],[130.709,42.656],[130.834,42.523],[130.73,42.326],[130.687,42.303],[130.637,42.275],[130.569,42.292],[130.458,42.302],[130.315,42.214],[130.236,42.183],[130.18,42.097],[130.068,42.046],[130.007,41.991],[129.928,41.897],[129.876,41.806],[129.756,41.712],[129.686,41.595],[129.682,41.494],[129.759,41.392],[129.766,41.304],[129.712,41.124],[129.742,40.932],[129.709,40.857],[129.341,40.726],[129.245,40.661],[129.11,40.491],[128.945,40.428],[128.843,40.358],[128.701,40.318],[128.611,40.198],[128.511,40.13],[128.393,40.089],[128.304,40.036],[128.106,40.033],[127.967,39.996],[127.867,39.896],[127.568,39.782],[127.527,39.696],[127.547,39.563],[127.549,39.461],[127.523,39.377],[127.457,39.401],[127.422,39.374],[127.383,39.296],[127.395,39.208],[127.497,39.179],[127.581,39.143],[127.699,39.125],[127.786,39.084],[127.972,38.898],[128.123,38.816],[128.162,38.786],[128.249,38.745],[128.329,38.681],[128.375,38.623],[128.619,38.176],[128.852,37.887],[129.052,37.678],[129.335,37.275],[129.418,37.059],[129.426,36.926],[129.473,36.742],[129.433,36.637],[129.445,36.471],[129.427,36.385],[129.393,36.323],[129.391,36.202],[129.402,36.138],[129.404,36.052],[129.426,36.019],[129.458,36.006],[129.51,36.038],[129.573,36.051],[129.562,35.948],[129.485,35.687],[129.419,35.498],[129.329,35.333],[129.214,35.182],[129.077,35.123],[128.98,35.102],[128.796,35.094],[128.643,35.12],[128.511,35.101],[128.458,35.069],[128.419,35.016],[128.448,34.932],[128.444,34.87],[128.388,34.875],[128.276,34.911],[128.152,34.916],[128.095,34.934],[128.036,35.022],[127.977,35.019],[127.873,34.966],[127.715,34.955],[127.659,34.926],[127.639,34.89],[127.662,34.843],[127.742,34.783],[127.715,34.721],[127.632,34.69],[127.565,34.766],[127.524,34.84],[127.477,34.844],[127.404,34.823],[127.39,34.743],[127.423,34.688],[127.479,34.625],[127.401,34.553],[127.381,34.501],[127.325,34.463],[127.173,34.546],[127.195,34.605],[127.261,34.662],[127.269,34.72],[127.247,34.755],[127.031,34.607],[126.897,34.439],[126.826,34.451],[126.796,34.494],[126.755,34.512],[126.611,34.404],[126.584,34.318],[126.531,34.314],[126.508,34.351],[126.506,34.428],[126.482,34.494],[126.333,34.59],[126.264,34.673],[126.301,34.72],[126.426,34.695],[126.525,34.698],[126.505,34.738],[126.473,34.756],[126.539,34.779],[126.593,34.824],[126.548,34.837],[126.479,34.81],[126.421,34.823],[126.398,34.933],[126.327,35.045],[126.291,35.154],[126.361,35.217],[126.396,35.314],[126.46,35.456],[126.493,35.501],[126.582,35.534],[126.614,35.571],[126.565,35.59],[126.487,35.606],[126.488,35.647],[126.542,35.669],[126.602,35.714],[126.717,35.769],[126.753,35.872],[126.72,35.898],[126.647,35.922],[126.664,35.975],[126.693,36.014],[126.682,36.038],[126.597,36.105],[126.54,36.166],[126.557,36.236],[126.544,36.341],[126.552,36.43],[126.548,36.478],[126.507,36.586],[126.488,36.694],[126.433,36.678],[126.389,36.651],[126.231,36.689],[126.181,36.692],[126.161,36.772],[126.217,36.871],[126.352,36.958],[126.429,36.969],[126.487,37.007],[126.578,37.02],[126.687,36.96],[126.784,36.948],[126.839,36.846],[126.872,36.824],[126.879,36.862],[126.958,36.906],[126.977,36.939],[126.96,36.958],[126.869,36.976],[126.787,37.103],[126.776,37.158],[126.746,37.194],[126.791,37.295],[126.696,37.411],[126.65,37.447],[126.657,37.551],[126.608,37.617],[126.58,37.654],[126.563,37.717],[126.578,37.745],[126.621,37.755],[126.634,37.782],[126.623,37.79],[126.573,37.797],[126.37,37.878],[126.203,37.829],[126.161,37.764],[126.117,37.743],[126.05,37.87],[125.942,37.874],[125.769,37.985],[125.695,37.963],[125.676,37.918],[125.582,37.815],[125.449,37.73],[125.407,37.719],[125.358,37.725],[125.365,37.748],[125.311,37.844],[125.102,37.882],[125.027,37.923],[124.989,37.931],[125.193,38.038],[125.247,38.057],[125.207,38.082],[125.163,38.094],[124.995,38.078],[124.907,38.113],[124.779,38.102],[124.691,38.129],[124.875,38.233],[124.883,38.295],[124.881,38.342],[124.974,38.48],[125.067,38.557],[125.31,38.665],[125.415,38.68],[125.492,38.676],[125.554,38.686],[125.489,38.728],[125.424,38.747],[125.299,38.743],[125.169,38.806],[125.157,38.872],[125.41,39.288],[125.413,39.326],[125.374,39.428],[125.361,39.527],[125.18,39.583],[125.1,39.59],[124.868,39.702],[124.775,39.758],[124.739,39.742],[124.732,39.652],[124.699,39.632],[124.638,39.615],[124.608,39.717],[124.557,39.791],[124.404,39.866],[124.349,39.907],[124.375,39.996],[124.362,40.004],[124.35,40.012],[124.267,39.924],[124.106,39.841],[123.76,39.822],[123.651,39.882],[123.611,39.841],[123.581,39.786],[123.49,39.768],[123.348,39.763],[123.269,39.727],[123.227,39.687],[123.032,39.674],[122.961,39.62],[122.84,39.601],[122.335,39.366],[122.225,39.267],[122.121,39.152],[122.048,39.094],[121.982,39.053],[121.923,39.037],[121.864,38.996],[121.805,38.991],[121.745,39.01],[121.677,39.003],[121.633,38.955],[121.67,38.892],[121.65,38.865],[121.517,38.831],[121.32,38.808],[121.236,38.767],[121.207,38.744],[121.164,38.732],[121.122,38.813],[121.107,38.921],[121.188,38.947],[121.263,38.96],[121.68,39.109],[121.628,39.22],[121.665,39.269],[121.758,39.348],[121.818,39.387],[121.785,39.401],[121.513,39.375],[121.356,39.377],[121.275,39.385],[121.3,39.452],[121.286,39.519],[121.267,39.545],[121.406,39.621],[121.47,39.64],[121.518,39.639],[121.514,39.685],[121.474,39.755],[121.517,39.845],[121.801,39.951],[121.869,40.046],[121.983,40.136],[122.191,40.358],[122.203,40.396],[122.264,40.5],[122.275,40.542],[122.179,40.603],[122.14,40.688],[121.859,40.842],[121.835,40.974],[121.809,40.969],[121.766,40.876],[121.729,40.846],[121.599,40.843],[121.537,40.878],[121.175,40.901],[121.086,40.842],[121.003,40.749],[120.922,40.683],[120.841,40.649],[120.771,40.589],[120.479,40.231],[120.369,40.204],[119.85,39.987],[119.591,39.903],[119.391,39.752],[119.322,39.662],[119.261,39.561],[119.225,39.408],[119.04,39.222],[118.977,39.183],[118.912,39.166],[118.826,39.172],[118.752,39.16],[118.626,39.177],[118.472,39.118],[118.298,39.067],[118.148,39.195],[118.041,39.227],[117.866,39.191],[117.785,39.134],[117.617,38.853],[117.554,38.691],[117.558,38.625],[117.656,38.424],[117.767,38.312],[118.015,38.183],[118.543,38.095],[118.667,38.126],[118.8,38.127],[118.94,38.043],[119.028,37.904],[119.036,37.809],[119.038,37.777],[119.07,37.749],[119.089,37.701],[119.033,37.661],[118.991,37.641],[118.955,37.494],[118.953,37.331],[118.998,37.277],[119.112,37.201],[119.287,37.138],[119.45,37.125],[119.761,37.155],[119.888,37.253],[119.88,37.296],[119.883,37.351],[120.156,37.495],[120.312,37.623],[120.287,37.656],[120.257,37.679],[120.285,37.692],[120.37,37.701],[120.75,37.834],[121.049,37.725],[121.22,37.6],[121.388,37.579],[121.505,37.515],[121.64,37.46],[121.816,37.457],[121.965,37.445],[122.01,37.496],[122.057,37.529],[122.11,37.522],[122.169,37.456],[122.338,37.405],[122.493,37.408],[122.602,37.426],[122.667,37.403],[122.573,37.318],[122.587,37.181],[122.516,37.138],[122.447,37.068],[122.487,37.022],[122.523,37.003],[122.52,36.947],[122.457,36.915],[122.341,36.832],[122.274,36.834],[122.242,36.85],[122.22,36.88],[122.203,36.927],[122.162,36.959],[122.05,36.971],[121.933,36.959],[121.67,36.836],[121.413,36.738],[121.144,36.66],[121.054,36.611],[120.99,36.598],[120.879,36.635],[120.811,36.633],[120.797,36.607],[120.883,36.539],[120.905,36.485],[120.896,36.444],[120.847,36.426],[120.776,36.456],[120.712,36.413],[120.682,36.341],[120.681,36.168],[120.638,36.13],[120.519,36.109],[120.393,36.054],[120.348,36.079],[120.33,36.11],[120.343,36.189],[120.328,36.228],[120.27,36.226],[120.183,36.202],[120.117,36.15],[120.094,36.119],[120.181,36.017],[120.265,36.007],[120.285,35.984],[120.219,35.935],[120.055,35.861],[120.027,35.799],[119.979,35.74],[119.912,35.693],[119.866,35.644],[119.811,35.618],[119.72,35.589],[119.608,35.47],[119.526,35.359],[119.43,35.301],[119.353,35.114],[119.216,35.012],[119.165,34.849],[119.201,34.748],[119.351,34.749],[119.427,34.714],[119.583,34.582],[119.77,34.496],[119.964,34.448],[120.201,34.326],[120.267,34.274],[120.323,34.169],[120.426,33.866],[120.5,33.716],[120.505,33.638],[120.616,33.491],[120.734,33.237],[120.871,33.017],[120.897,32.843],[120.853,32.764],[120.853,32.661],[120.99,32.567],[121.293,32.457],[121.342,32.425],[121.401,32.372],[121.404,32.206],[121.451,32.153],[121.491,32.121],[121.674,32.051],[121.751,31.993],[121.832,31.9],[121.856,31.816],[121.866,31.704],[121.764,31.7],[121.681,31.712],[121.352,31.859],[121.266,31.863],[121.146,31.842],[120.974,31.869],[120.792,32.032],[120.661,32.081],[120.52,32.106],[120.184,31.966],[120.099,31.976],[120.074,31.96],[120.036,31.936],[120.192,31.906],[120.347,31.952],[120.497,32.02],[120.716,31.984],[120.752,31.923],[120.788,31.82],[120.938,31.75],[121.055,31.719],[121.205,31.628],[121.351,31.485],[121.661,31.32],[121.786,31.163],[121.834,31.062],[121.878,30.917],[121.769,30.87],[121.675,30.864],[121.528,30.841],[121.419,30.79],[121.31,30.7],[120.998,30.558],[120.938,30.47],[120.897,30.393],[120.821,30.355],[120.63,30.391],[120.45,30.388],[120.246,30.284],[120.195,30.241],[120.229,30.25],[120.261,30.263],[120.353,30.247],[120.495,30.303],[120.633,30.133],[120.904,30.161],[121.159,30.302],[121.258,30.304],[121.341,30.282],[121.433,30.227],[121.678,29.979],[121.812,29.952],[121.944,29.894],[122.017,29.888],[122.083,29.87],[121.906,29.78],[121.677,29.584],[121.575,29.537],[121.506,29.485],[121.69,29.511],[121.822,29.605],[121.888,29.628],[121.941,29.606],[121.968,29.491],[121.918,29.135],[121.854,29.129],[121.791,29.226],[121.717,29.256],[121.656,29.236],[121.534,29.237],[121.487,29.193],[121.448,29.131],[121.521,29.118],[121.665,29.011],[121.68,28.953],[121.641,28.916],[121.54,28.932],[121.662,28.851],[121.63,28.768],[121.59,28.735],[121.519,28.714],[121.475,28.641],[121.538,28.521],[121.602,28.367],[121.61,28.292],[121.51,28.324],[121.355,28.23],[121.272,28.222],[121.217,28.346],[121.146,28.327],[121.098,28.291],[121.035,28.157],[120.959,28.037],[120.892,28.004],[120.813,28.013],[120.748,28.01],[120.763,27.977],[120.833,27.938],[120.833,27.891],[120.685,27.745],[120.661,27.688],[120.665,27.639],[120.588,27.581],[120.629,27.482],[120.608,27.412],[120.54,27.318],[120.469,27.256],[120.385,27.156],[120.279,27.097],[120.139,26.886],[120.097,26.781],[120.087,26.672],[120.043,26.634],[119.968,26.586],[119.882,26.61],[119.879,26.683],[119.842,26.689],[119.821,26.737],[119.815,26.798],[119.824,26.846],[119.789,26.831],[119.767,26.775],[119.71,26.729],[119.652,26.747],[119.588,26.785],[119.59,26.73],[119.624,26.676],[119.638,26.621],[119.726,26.609],[119.785,26.547],[119.831,26.45],[119.84,26.414],[119.876,26.371],[119.881,26.334],[119.797,26.3],[119.693,26.236],[119.567,26.127],[119.463,26.055],[119.37,26.054],[119.313,26.063],[119.232,26.104],[119.139,26.122],[119.264,25.975],[119.332,25.949],[119.418,25.954],[119.501,26.009],[119.619,26.004],[119.648,25.919],[119.617,25.823],[119.553,25.699],[119.539,25.591],[119.619,25.437],[119.622,25.391],[119.593,25.368],[119.499,25.409],[119.422,25.46],[119.344,25.446],[119.263,25.468],[119.18,25.45],[119.146,25.414],[119.169,25.356],[119.244,25.307],[119.286,25.232],[119.236,25.206],[119.025,25.223],[118.978,25.209],[118.914,25.127],[118.956,25.005],[118.909,24.929],[118.822,24.911],[118.708,24.85],[118.637,24.836],[118.64,24.809],[118.692,24.782],[118.719,24.746],[118.657,24.621],[118.56,24.58],[118.412,24.601],[118.295,24.573],[118.195,24.626],[118.087,24.627],[118.014,24.56],[118.006,24.482],[117.935,24.474],[117.897,24.48],[117.843,24.474],[117.848,24.432],[117.879,24.396],[118.024,24.38],[118.051,24.327],[118.056,24.246],[117.904,24.106],[117.839,24.012],[117.742,24.015],[117.668,23.939],[117.628,23.837],[117.579,23.857],[117.466,23.841],[117.433,23.792],[117.46,23.771],[117.462,23.736],[117.417,23.621],[117.368,23.589],[117.347,23.636],[117.331,23.709],[117.291,23.714],[117.225,23.647],[117.148,23.599],[117.083,23.579],[117.033,23.623],[116.911,23.647],[116.861,23.453],[116.76,23.383],[116.712,23.36],[116.629,23.354],[116.682,23.327],[116.699,23.278],[116.669,23.228],[116.586,23.218],[116.538,23.18],[116.52,23.007],[116.471,22.946],[116.346,22.941],[116.252,22.981],[116.222,22.95],[116.206,22.919],[116.157,22.887],[116.063,22.879],[115.852,22.802],[115.756,22.824],[115.64,22.853],[115.561,22.825],[115.535,22.765],[115.498,22.719],[115.383,22.719],[115.29,22.776],[115.196,22.817],[115.092,22.782],[115.012,22.709],[114.914,22.685],[114.896,22.64],[114.854,22.617],[114.75,22.626],[114.711,22.739],[114.652,22.755],[114.593,22.698],[114.572,22.654],[114.544,22.621],[114.554,22.529],[114.496,22.527],[114.42,22.583],[114.341,22.593],[114.266,22.541],[114.291,22.499],[114.285,22.458],[114.325,22.437],[114.335,22.396],[114.291,22.374],[114.288,22.325],[114.268,22.296],[114.139,22.348],[114.033,22.376],[113.937,22.365],[113.903,22.396],[113.896,22.428],[114.007,22.484],[114.015,22.512],[113.931,22.531],[113.828,22.607],[113.754,22.734],[113.661,22.802],[113.62,22.861],[113.603,22.969],[113.586,23.02],[113.592,23.077],[113.621,23.127],[113.52,23.102],[113.445,23.055],[113.46,22.996],[113.442,22.941],[113.331,22.912],[113.338,22.889],[113.345,22.865],[113.432,22.789],[113.45,22.726],[113.485,22.692],[113.553,22.594],[113.551,22.404],[113.589,22.35],[113.576,22.297],[113.548,22.223],[113.499,22.202],[113.416,22.178],[113.367,22.165],[113.328,22.145],[113.266,22.089],[113.149,22.075],[113.089,22.208],[113.008,22.119],[112.984,21.938],[112.954,21.907],[112.904,21.881],[112.809,21.945],[112.725,21.902],[112.661,21.859],[112.634,21.82],[112.586,21.777],[112.495,21.818],[112.421,21.881],[112.439,21.927],[112.429,21.958],[112.396,21.981],[112.36,21.978],[112.377,21.917],[112.39,21.801],[112.356,21.768],[112.305,21.742],[112.193,21.763],[112.117,21.806],[112.025,21.843],[111.944,21.85],[111.926,21.776],[111.873,21.717],[111.825,21.71],[111.776,21.719],[111.712,21.655],[111.682,21.608],[111.603,21.559],[111.392,21.535],[111.319,21.486],[111.221,21.494],[111.144,21.482],[111.101,21.485],[111.061,21.511],[111.017,21.512],[110.997,21.43],[110.878,21.396],[110.771,21.387],[110.652,21.279],[110.567,21.214],[110.504,21.207],[110.458,21.231],[110.435,21.327],[110.411,21.338],[110.397,21.248],[110.375,21.172],[110.331,21.131],[110.194,21.038],[110.154,20.945],[110.18,20.859],[110.365,20.838],[110.388,20.791],[110.371,20.752],[110.326,20.72],[110.313,20.672],[110.512,20.518],[110.518,20.46],[110.487,20.427],[110.45,20.355],[110.345,20.295],[110.123,20.264],[109.938,20.295],[109.883,20.364],[109.886,20.413],[109.932,20.399],[109.984,20.403],[109.968,20.448],[109.946,20.474],[109.861,20.514],[109.792,20.622],[109.805,20.711],[109.767,20.781],[109.726,20.839],[109.685,20.874],[109.663,20.917],[109.704,21.053],[109.681,21.132],[109.76,21.228],[109.78,21.337],[109.921,21.376],[109.931,21.481],[109.83,21.484],[109.759,21.56],[109.743,21.528],[109.687,21.525],[109.594,21.672],[109.566,21.691],[109.521,21.693],[109.544,21.538],[109.436,21.479],[109.347,21.454],[109.22,21.443],[109.149,21.426],[109.082,21.44],[109.098,21.487],[109.133,21.544],[109.102,21.59],[109.031,21.627],[108.922,21.624],[108.846,21.634],[108.772,21.63],[108.744,21.651],[108.675,21.725],[108.616,21.77],[108.589,21.816],[108.616,21.869],[108.594,21.901],[108.48,21.905],[108.481,21.829],[108.493,21.739],[108.526,21.671],[108.502,21.633],[108.444,21.607],[108.383,21.679],[108.355,21.697],[108.325,21.694],[108.302,21.622],[108.246,21.558],[108.146,21.565],[108.067,21.526],[107.973,21.508],[107.926,21.499],[107.809,21.497],[107.707,21.406],[107.637,21.368],[107.527,21.336],[107.41,21.285],[107.376,21.194],[107.373,21.128],[107.354,21.055],[107.165,20.949],[107.112,20.96],[107.075,20.999],[107.019,20.991],[106.981,20.971],[106.936,20.974],[106.886,20.95],[106.821,20.958],[106.76,20.991],[106.725,21.0],[106.683,21.0],[106.675,20.96],[106.737,20.806],[106.753,20.735],[106.551,20.527],[106.573,20.392],[106.518,20.289],[106.396,20.206],[106.166,19.992],[106.062,19.987],[105.984,19.939],[105.814,19.587],[105.812,19.467],[105.785,19.379],[105.791,19.294],[105.716,19.128],[105.639,19.057],[105.622,18.966],[105.732,18.779],[105.744,18.746],[105.808,18.646],[105.839,18.574],[105.888,18.502],[106.066,18.316],[106.145,18.259],[106.24,18.221],[106.412,18.053],[106.499,17.946],[106.459,17.874],[106.479,17.72],[106.356,17.765],[106.371,17.747],[106.517,17.663],[106.736,17.367],[106.926,17.221],[107.12,17.056],[107.18,16.898],[107.355,16.794],[107.549,16.643],[107.541,16.609],[107.593,16.568],[107.724,16.488],[107.803,16.403],[107.834,16.322],[107.882,16.31],[107.936,16.329],[107.991,16.337],[108.029,16.331],[108.088,16.243],[108.17,16.164],[108.209,16.091],[108.241,16.101],[108.267,16.09],[108.274,16.029],[108.286,15.989],[108.395,15.872],[108.447,15.763],[108.578,15.585],[108.674,15.484],[108.743,15.427],[108.821,15.378],[108.898,15.181],[108.94,15.001],[109.022,14.803],[109.085,14.716],[109.087,14.553],[109.137,14.384],[109.191,14.27],[109.207,14.154],[109.224,14.097],[109.245,14.053],[109.303,13.856],[109.288,13.765],[109.247,13.855],[109.252,13.591],[109.288,13.451],[109.272,13.279],[109.31,13.219],[109.377,13.025],[109.424,12.956],[109.42,12.719],[109.445,12.6],[109.381,12.671],[109.336,12.752],[109.274,12.709],[109.219,12.646],[109.305,12.391],[109.207,12.415],[109.216,12.073],[109.256,11.993],[109.259,11.955],[109.247,11.909],[109.22,11.959],[109.215,12.01],[109.199,11.999],[109.2,11.972],[109.167,11.912],[109.158,11.837],[109.193,11.773],[109.199,11.725],[109.173,11.665],[109.133,11.601],[109.04,11.593],[109.018,11.468],[108.987,11.336],[108.821,11.315],[108.7,11.199],[108.551,11.156],[108.419,11.041],[108.272,10.934],[108.176,10.92],[108.095,10.897],[108.001,10.72],[107.845,10.7],[107.564,10.555],[107.47,10.486],[107.384,10.459],[107.262,10.398],[107.235,10.42],[107.194,10.472],[107.088,10.498],[107.036,10.556],[107.021,10.631],[107.007,10.661],[106.984,10.618],[106.966,10.441],[106.947,10.4],[106.902,10.383],[106.813,10.433],[106.727,10.536],[106.606,10.465],[106.643,10.456],[106.698,10.462],[106.741,10.444],[106.778,10.376],[106.776,10.339],[106.757,10.296],[106.644,10.289],[106.492,10.304],[106.464,10.298],[106.602,10.232],[106.729,10.193],[106.785,10.151],[106.785,10.116],[106.714,10.06],[106.659,9.991],[106.658,9.949],[106.657,9.901],[106.596,9.86],[106.557,9.868],[106.449,9.94],[106.136,10.222],[106.184,10.142],[106.507,9.821],[106.564,9.716],[106.572,9.641],[106.539,9.604],[106.484,9.559],[106.378,9.556],[106.204,9.675],[105.926,9.962],[105.831,10.001],[106.112,9.674],[106.159,9.594],[106.206,9.502],[106.193,9.448],[106.168,9.397],[105.501,9.093],[105.401,8.962],[105.322,8.801],[105.191,8.711],[105.114,8.629],[104.892,8.583],[104.77,8.598],[104.896,8.747],[104.819,8.802],[104.815,9.185],[104.845,9.606],[104.903,9.816],[104.987,9.869],[105.093,9.901],[105.095,9.945],[105.084,9.996],[105.028,10.067],[104.966,10.101],[104.873,10.115],[104.802,10.203],[104.748,10.199],[104.663,10.17],[104.613,10.208],[104.594,10.267],[104.516,10.34],[104.426,10.411],[104.262,10.541],[103.937,10.587],[103.902,10.644],[103.871,10.655],[103.841,10.581],[103.662,10.509],[103.587,10.552],[103.532,10.605],[103.54,10.669],[103.592,10.721],[103.681,10.759],[103.722,10.89],[103.654,11.059],[103.595,11.108],[103.532,11.147],[103.467,11.084],[103.411,10.977],[103.354,10.922],[103.272,10.909],[103.153,10.914],[103.106,11.074],[103.091,11.211],[103.107,11.368],[103.125,11.461],[103.011,11.589],[103.004,11.711],[102.949,11.773],[102.932,11.742],[102.934,11.707],[102.912,11.704],[102.884,11.773],[102.792,11.889],[102.763,12.012],[102.655,12.149],[102.594,12.203],[102.575,12.158],[102.54,12.109],[102.434,12.179],[102.343,12.253],[102.259,12.394],[102.248,12.361],[102.23,12.332],[102.134,12.443],[102.034,12.532],[101.945,12.564],[101.889,12.593],[101.836,12.64],[101.724,12.689],[101.445,12.619],[101.09,12.674],[100.954,12.621],[100.898,12.654],[100.863,12.715],[100.896,12.818],[100.904,13.035],[100.946,13.187],[100.926,13.303],[100.947,13.358],[100.963,13.432],[100.907,13.462],[100.656,13.521],[100.603,13.568],[100.536,13.514],[100.236,13.484],[100.122,13.44],[100.017,13.353],[99.991,13.243],[100.051,13.171],[100.09,13.046],[99.982,12.771],[99.964,12.69],[100.006,12.355],[99.989,12.171],[99.93,12.047],[99.837,11.937],[99.799,11.749],[99.725,11.662],[99.627,11.463],[99.561,11.215],[99.514,11.101],[99.487,10.89],[99.285,10.569],[99.237,10.388],[99.165,10.32],[99.19,10.266],[99.195,10.175],[99.169,9.934],[99.161,9.734],[99.191,9.627],[99.288,9.415],[99.265,9.353],[99.254,9.265],[99.335,9.225],[99.394,9.214],[99.724,9.314],[99.836,9.288],[99.878,9.195],[99.905,9.113],[99.961,8.671],[99.99,8.589],[100.056,8.511],[100.129,8.428],[100.154,8.443],[100.159,8.474],[100.163,8.508],[100.229,8.425],[100.279,8.269],[100.454,7.442],[100.504,7.337],[100.545,7.227],[100.439,7.281],[100.411,7.464],[100.38,7.542],[100.343,7.553],[100.284,7.552],[100.28,7.584],[100.324,7.644],[100.317,7.716],[100.257,7.775],[100.158,7.728],[100.161,7.599],[100.205,7.501],[100.371,7.28],[100.424,7.188],[100.49,7.161],[100.586,7.176],[100.702,7.082],[100.793,6.995],[101.018,6.861],[101.154,6.875],[101.302,6.908],[101.401,6.9],[101.498,6.865],[101.614,6.754],[101.799,6.475],[102.101,6.242],[102.274,6.203],[102.34,6.172],[102.534,5.863],[102.79,5.645],[102.899,5.564],[102.982,5.525],[103.097,5.408],[103.197,5.262],[103.416,4.85],[103.454,4.669],[103.469,4.393],[103.421,3.977],[103.362,3.769],[103.373,3.671],[103.454,3.521],[103.429,3.379],[103.445,3.261],[103.439,2.933],[103.485,2.837],[103.537,2.775],[103.812,2.58],[103.832,2.508],[103.968,2.261],[104.219,1.723],[104.288,1.481],[104.28,1.416],[104.25,1.389],[104.176,1.365],[104.115,1.412],[104.094,1.446],[104.101,1.488],[104.076,1.53],[104.016,1.579],[103.981,1.624],[103.991,1.55],[103.992,1.455],[103.915,1.447],[103.817,1.477],[103.695,1.45],[103.55,1.333],[103.48,1.329],[103.427,1.43],[103.4,1.498],[103.357,1.546],[102.897,1.792],[102.727,1.856],[102.548,2.042],[102.146,2.248],[101.89,2.449],[101.781,2.574],[101.52,2.684],[101.407,2.813],[101.351,2.839],[101.296,2.885],[101.354,3.011],[101.33,3.142],[101.3,3.253],[101.115,3.472],[101.025,3.625],[100.851,3.777],[100.782,3.864],[100.715,3.966],[100.757,4.002],[100.796,4.023],[100.76,4.097],[100.661,4.226],[100.615,4.373],[100.615,4.652],[100.473,5.044],[100.353,5.588],[100.374,5.778],[100.343,5.984],[100.263,6.183],[100.158,6.324],[100.119,6.442],[99.869,6.75],[99.696,6.877],[99.72,7.106],[99.668,7.151],[99.602,7.155],[99.553,7.219],[99.597,7.356],[99.529,7.329],[99.435,7.334],[99.359,7.372],[99.3,7.561],[99.264,7.619],[99.183,7.718],[99.078,7.718],[99.043,7.766],[99.051,7.888],[98.974,7.963],[98.872,8.024],[98.789,8.06],[98.704,8.257],[98.636,8.305],[98.579,8.344],[98.5,8.318],[98.474,8.247],[98.421,8.178],[98.361,8.187],[98.305,8.226],[98.238,8.423],[98.227,8.544],[98.242,8.768],[98.326,8.969],[98.371,9.291],[98.443,9.493],[98.493,9.561],[98.562,9.838],[98.703,10.19],[98.658,10.179],[98.563,10.035],[98.521,10.107],[98.497,10.183],[98.523,10.353],[98.465,10.676],[98.501,10.719],[98.536,10.741],[98.599,10.864],[98.676,10.987],[98.683,11.133],[98.745,11.24],[98.73,11.33],[98.733,11.435],[98.746,11.521],[98.741,11.592],[98.791,11.665],[98.876,11.72],[98.84,11.739],[98.805,11.779],[98.694,11.718],[98.636,11.738],[98.625,11.801],[98.639,11.869],[98.645,11.91],[98.689,11.957],[98.686,12.047],[98.664,12.127],[98.696,12.225],[98.631,12.225],[98.6,12.245],[98.619,12.3],[98.679,12.348],[98.624,12.441],[98.665,12.54],[98.663,12.662],[98.636,12.771],[98.637,12.848],[98.595,12.986],[98.576,13.162],[98.487,13.293],[98.421,13.484],[98.245,13.733],[98.248,13.84],[98.239,13.934],[98.2,13.98],[98.15,13.648],[98.111,13.713],[98.098,13.898],[98.073,13.986],[98.1,14.162],[97.998,14.335],[97.977,14.461],[97.91,14.653],[97.929,14.696],[98.019,14.653],[97.937,14.764],[97.869,14.739],[97.812,14.859],[97.8,15.185],[97.744,15.307],[97.774,15.431],[97.71,15.876],[97.584,16.02],[97.609,16.144],[97.641,16.254],[97.634,16.458],[97.665,16.52],[97.726,16.569],[97.668,16.552],[97.62,16.537],[97.505,16.525],[97.376,16.523],[97.331,16.672],[97.267,16.743],[97.212,16.893],[97.178,17.062],[97.2,17.095],[97.1,17.165],[97.075,17.207],[96.97,17.317],[96.851,17.401],[96.878,17.342],[96.91,17.305],[96.851,17.203],[96.909,17.031],[96.858,16.921],[96.811,16.778],[96.765,16.71],[96.622,16.564],[96.507,16.514],[96.431,16.505],[96.364,16.521],[96.282,16.596],[96.262,16.659],[96.249,16.765],[96.22,16.781],[96.189,16.768],[96.238,16.631],[96.237,16.567],[96.324,16.444],[96.293,16.41],[96.135,16.343],[96.081,16.353],[96.043,16.34],[96.032,16.285],[96.012,16.254],[95.763,16.169],[95.711,16.073],[95.679,15.977],[95.556,15.838],[95.39,15.723],[95.348,15.729],[95.301,15.756],[95.308,15.88],[95.365,15.985],[95.347,16.098],[95.333,16.033],[95.226,15.877],[95.177,15.826],[95.078,15.839],[94.943,15.818],[94.891,15.979],[94.892,16.038],[94.882,16.088],[94.898,16.141],[94.893,16.183],[94.86,16.102],[94.848,16.033],[94.798,15.971],[94.662,15.904],[94.656,15.989],[94.651,16.065],[94.681,16.133],[94.677,16.242],[94.72,16.399],[94.717,16.452],[94.703,16.512],[94.679,16.426],[94.665,16.336],[94.638,16.309],[94.588,16.289],[94.496,16.186],[94.442,16.094],[94.299,16.008],[94.224,16.016],[94.214,16.127],[94.271,16.517],[94.327,16.572],[94.353,16.64],[94.4,16.868],[94.452,16.954],[94.473,17.135],[94.494,17.167],[94.564,17.309],[94.589,17.569],[94.56,17.699],[94.494,17.825],[94.431,18.202],[94.266,18.507],[94.252,18.609],[94.171,18.732],[94.246,18.741],[94.091,18.849],[94.07,18.893],[94.039,19.146],[94.045,19.287],[94.022,19.269],[94.002,19.182],[93.941,19.146],[93.968,18.995],[93.961,18.958],[93.929,18.9],[93.8,18.961],[93.705,19.027],[93.598,19.188],[93.493,19.369],[93.531,19.398],[93.579,19.401],[93.728,19.267],[93.825,19.238],[93.886,19.272],[93.962,19.329],[93.998,19.441],[93.961,19.482],[93.888,19.504],[93.84,19.534],[93.77,19.61],[93.761,19.648],[93.74,19.697],[93.669,19.732],[93.612,19.776],[93.66,19.854],[93.707,19.912],[93.582,19.91],[93.439,20.009],[93.41,20.038],[93.362,20.058],[93.25,20.07],[93.157,20.041],[93.199,19.898],[93.191,19.851],[93.129,19.858],[93.002,20.075],[93.04,20.13],[93.096,20.181],[93.068,20.189],[93.015,20.185],[93.067,20.378],[93.035,20.406],[93.019,20.346],[92.991,20.288],[92.882,20.152],[92.828,20.178],[92.791,20.211],[92.844,20.283],[92.872,20.302],[92.891,20.34],[92.851,20.415],[92.787,20.469],[92.736,20.563],[92.709,20.564],[92.733,20.453],[92.723,20.296],[92.608,20.47],[92.378,20.718],[92.324,20.792],[92.308,20.79],[92.248,20.884],[92.195,20.984],[92.056,21.175],[92.011,21.516],[92.008,21.685],[91.913,21.883],[91.85,22.157],[91.825,22.229],[91.858,22.317],[91.863,22.35],[91.845,22.343],[91.797,22.297],[91.734,22.407],[91.693,22.505],[91.53,22.708],[91.482,22.797],[91.48,22.885],[91.41,22.797],[91.314,22.735],[91.216,22.642],[91.151,22.614],[90.946,22.597],[90.827,22.721],[90.656,23.025],[90.634,23.094],[90.656,23.273],[90.616,23.442],[90.616,23.532],[90.604,23.591],[90.573,23.578],[90.562,23.537],[90.568,23.474],[90.556,23.422],[90.408,23.432],[90.269,23.456],[90.392,23.367],[90.523,23.346],[90.591,23.266],[90.599,23.204],[90.595,23.134],[90.528,23.085],[90.466,23.054],[90.478,22.987],[90.552,22.905],[90.462,22.882],[90.437,22.828],[90.435,22.752],[90.481,22.685],[90.498,22.635],[90.487,22.589],[90.532,22.539],[90.596,22.436],[90.616,22.362],[90.589,22.258],[90.553,22.218],[90.494,22.179],[90.356,22.048],[90.288,21.899],[90.231,21.83],[90.159,21.817],[90.131,21.847],[90.071,21.887],[90.07,21.96],[90.088,22.017],[90.21,22.157],[90.143,22.138],[90.069,22.098],[89.954,22.023],[89.918,22.116],[89.894,22.203],[89.894,22.308],[89.985,22.466],[89.882,22.388],[89.853,22.289],[89.866,22.173],[89.853,22.091],[89.812,21.983],[89.757,21.919],[89.668,21.878],[89.628,21.814],[89.569,21.767],[89.567,21.861],[89.547,21.984],[89.483,22.276],[89.469,22.213],[89.503,22.032],[89.501,21.914],[89.452,21.821],[89.354,21.721],[89.279,21.707],[89.234,21.722],[89.167,21.784],[89.094,21.873],[89.082,22.015],[89.051,22.093],[89.028,21.937],[88.949,21.938],[89.02,21.834],[89.042,21.759],[89.052,21.654],[88.967,21.641],[88.907,21.653],[88.858,21.745],[88.834,21.661],[88.745,21.584],[88.713,21.622],[88.695,21.662],[88.691,21.733],[88.74,22.005],[88.73,22.036],[88.708,22.056],[88.66,22.067],[88.642,22.122],[88.567,21.832],[88.6,21.714],[88.585,21.66],[88.446,21.614],[88.305,21.723],[88.287,21.758],[88.279,21.697],[88.254,21.622],[88.122,21.636],[88.057,21.694],[88.099,21.794],[88.181,22.033],[88.196,22.14],[88.087,22.218],[87.994,22.266],[87.941,22.374],[87.962,22.255],[88.011,22.213],[88.083,22.183],[88.159,22.122],[88.104,22.047],[88.051,22.001],[87.948,21.825],[87.824,21.727],[87.678,21.654],[87.201,21.545],[87.101,21.501],[86.954,21.365],[86.86,21.237],[86.842,21.106],[86.896,20.966],[86.939,20.745],[86.975,20.7],[86.925,20.62],[86.836,20.534],[86.763,20.419],[86.769,20.356],[86.75,20.313],[86.499,20.172],[86.446,20.089],[86.377,20.007],[86.294,20.054],[86.245,20.053],[86.312,19.988],[86.303,19.945],[86.279,19.919],[86.216,19.896],[85.853,19.792],[85.575,19.693],[85.497,19.697],[85.511,19.727],[85.56,19.753],[85.555,19.867],[85.504,19.888],[85.46,19.896],[85.249,19.758],[85.163,19.621],[85.181,19.595],[85.229,19.601],[85.371,19.679],[85.437,19.657],[85.442,19.627],[85.226,19.508],[84.771,19.125],[84.75,19.05],[84.691,18.965],[84.609,18.884],[84.463,18.69],[84.182,18.401],[84.104,18.293],[83.654,18.07],[83.572,18.004],[83.388,17.787],[83.198,17.609],[82.977,17.462],[82.593,17.274],[82.36,17.096],[82.287,16.978],[82.282,16.936],[82.307,16.879],[82.35,16.825],[82.36,16.783],[82.339,16.707],[82.327,16.664],[82.259,16.56],[82.142,16.485],[81.762,16.329],[81.712,16.334],[81.402,16.365],[81.286,16.337],[81.239,16.264],[81.132,15.962],[81.03,15.881],[80.993,15.809],[80.979,15.758],[80.918,15.76],[80.865,15.782],[80.826,15.766],[80.782,15.867],[80.708,15.888],[80.647,15.895],[80.385,15.793],[80.293,15.711],[80.101,15.324],[80.053,15.074],[80.099,14.798],[80.165,14.578],[80.179,14.478],[80.17,14.349],[80.136,14.287],[80.112,14.212],[80.144,14.059],[80.224,13.858],[80.244,13.773],[80.246,13.686],[80.307,13.485],[80.266,13.521],[80.233,13.606],[80.156,13.714],[80.062,13.606],[80.114,13.529],[80.29,13.437],[80.342,13.361],[80.229,12.69],[80.143,12.452],[80.037,12.296],[79.982,12.235],[79.858,11.989],[79.771,11.69],[79.754,11.575],[79.793,11.447],[79.749,11.371],[79.693,11.313],[79.799,11.339],[79.835,11.269],[79.849,11.197],[79.85,10.769],[79.838,10.323],[79.757,10.304],[79.667,10.3],[79.589,10.312],[79.532,10.33],[79.391,10.306],[79.315,10.257],[79.254,10.175],[79.258,10.035],[78.996,9.683],[78.94,9.566],[78.919,9.453],[78.953,9.394],[79.02,9.333],[79.107,9.309],[79.275,9.285],[79.356,9.252],[79.411,9.192],[79.213,9.256],[78.98,9.269],[78.421,9.105],[78.275,8.99],[78.192,8.891],[78.136,8.663],[78.126,8.511],[78.06,8.385],[77.77,8.19],[77.587,8.13],[77.518,8.078],[77.301,8.145],[77.066,8.316],[76.967,8.407],[76.617,8.847],[76.553,8.903],[76.483,9.091],[76.472,9.161],[76.452,9.189],[76.419,9.208],[76.403,9.237],[76.325,9.452],[76.292,9.676],[76.242,9.927],[76.285,9.91],[76.343,9.827],[76.372,9.707],[76.376,9.54],[76.42,9.52],[76.459,9.536],[76.346,9.922],[76.249,10.018],[76.223,10.024],[76.196,10.086],[76.193,10.164],[76.201,10.201],[76.123,10.327],[76.096,10.402],[75.923,10.784],[75.845,11.058],[75.724,11.362],[75.646,11.468],[75.525,11.703],[75.423,11.812],[75.315,11.958],[75.23,12.023],[75.197,12.058],[74.946,12.565],[74.868,12.845],[74.803,12.977],[74.771,13.077],[74.682,13.507],[74.682,13.584],[74.671,13.668],[74.608,13.85],[74.499,14.046],[74.467,14.169],[74.467,14.217],[74.397,14.407],[74.382,14.495],[74.335,14.575],[74.28,14.65],[74.223,14.709],[74.089,14.902],[74.041,14.949],[73.949,15.075],[73.884,15.306],[73.801,15.397],[73.932,15.397],[73.852,15.482],[73.814,15.539],[73.772,15.573],[73.833,15.659],[73.733,15.657],[73.68,15.709],[73.608,15.871],[73.476,16.054],[73.454,16.152],[73.338,16.46],[73.239,17.199],[73.149,17.527],[73.156,17.622],[73.047,17.907],[72.994,18.098],[72.972,18.259],[72.943,18.366],[72.917,18.576],[72.875,18.643],[72.871,18.683],[72.899,18.779],[72.977,18.927],[73.006,19.021],[72.972,19.153],[72.901,19.015],[72.835,18.976],[72.803,19.079],[72.803,19.219],[72.795,19.252],[72.812,19.299],[72.987,19.277],[72.788,19.363],[72.764,19.413],[72.756,19.451],[72.799,19.52],[72.727,19.578],[72.697,19.757],[72.676,19.798],[72.668,19.831],[72.709,20.078],[72.881,20.563],[72.894,20.673],[72.879,20.829],[72.841,20.952],[72.824,21.084],[72.814,21.117],[72.752,21.129],[72.692,21.178],[72.624,21.372],[72.687,21.436],[72.735,21.471],[72.668,21.456],[72.613,21.462],[72.718,21.551],[72.811,21.62],[73.022,21.7],[73.112,21.75],[72.979,21.705],[72.84,21.687],[72.543,21.697],[72.592,21.878],[72.644,21.938],[72.7,21.972],[72.617,21.962],[72.522,21.976],[72.553,22.16],[72.628,22.2],[72.709,22.207],[72.809,22.233],[72.702,22.264],[72.59,22.278],[72.456,22.248],[72.333,22.27],[72.183,22.27],[72.243,22.245],[72.306,22.189],[72.274,22.09],[72.244,22.028],[72.162,21.985],[72.094,21.92],[72.076,21.863],[72.037,21.823],[72.103,21.795],[72.171,21.774],[72.21,21.728],[72.257,21.661],[72.254,21.531],[72.077,21.224],[72.015,21.156],[71.571,20.971],[71.396,20.87],[71.025,20.739],[70.88,20.715],[70.719,20.74],[70.485,20.84],[70.127,21.095],[70.034,21.179],[69.748,21.506],[69.542,21.679],[69.385,21.84],[69.192,21.992],[69.009,22.197],[68.97,22.29],[68.983,22.385],[69.052,22.437],[69.131,22.416],[69.194,22.336],[69.239,22.3],[69.277,22.285],[69.549,22.408],[69.655,22.404],[69.728,22.465],[69.819,22.452],[70.006,22.548],[70.084,22.554],[70.177,22.573],[70.328,22.816],[70.44,22.97],[70.513,23.002],[70.509,23.04],[70.489,23.09],[70.435,23.077],[70.396,23.03],[70.368,22.973],[70.339,22.94],[70.251,22.971],[70.192,22.966],[70.118,22.947],[69.85,22.856],[69.74,22.775],[69.665,22.759],[69.236,22.849],[68.817,23.054],[68.641,23.19],[68.529,23.364],[68.417,23.571],[68.454,23.629],[68.627,23.754],[68.777,23.852],[68.642,23.808],[68.497,23.748],[68.425,23.706],[68.343,23.617],[68.235,23.597],[68.192,23.729],[68.165,23.857],[68.149,23.797],[68.116,23.753],[68.068,23.818],[68.037,23.848],[68.001,23.826],[67.951,23.829],[67.86,23.903],[67.819,23.828],[67.668,23.811],[67.65,23.867],[67.646,23.92],[67.563,23.882],[67.504,23.94],[67.477,24.018],[67.454,24.04],[67.428,24.065],[67.365,24.092],[67.309,24.175],[67.304,24.263],[67.289,24.368],[67.171,24.756],[67.101,24.792],[66.703,24.861],[66.682,24.929],[66.71,25.111],[66.699,25.226],[66.57,25.379],[66.534,25.484],[66.429,25.575],[66.324,25.602],[66.219,25.59],[66.162,25.554],[66.131,25.493],[66.356,25.507],[66.407,25.485],[66.468,25.445],[66.403,25.447],[66.328,25.466],[66.235,25.464],[65.884,25.42],[65.68,25.355],[65.406,25.374],[65.061,25.311],[64.777,25.307],[64.659,25.184],[64.594,25.206],[64.544,25.237],[64.152,25.333],[64.125,25.374],[64.059,25.403],[63.987,25.351],[63.936,25.343],[63.721,25.386],[63.557,25.353],[63.496,25.298],[63.491,25.211],[63.286,25.228],[63.17,25.255],[63.015,25.225],[62.665,25.265],[62.572,25.255],[62.445,25.197],[62.391,25.153],[62.315,25.135],[62.249,25.197],[62.199,25.225],[62.152,25.207],[62.089,25.155],[61.908,25.131],[61.744,25.138],[61.533,25.196],[61.49,25.154],[61.412,25.102],[61.243,25.142],[61.109,25.184],[60.664,25.282],[60.615,25.33],[60.587,25.414],[60.511,25.437],[60.4,25.312],[60.025,25.384],[59.897,25.362],[59.818,25.401],[59.616,25.403],[59.456,25.481],[59.227,25.428],[59.046,25.417],[58.798,25.555],[58.531,25.592],[58.314,25.581],[58.203,25.592],[58.022,25.641],[57.937,25.692],[57.796,25.653],[57.733,25.725],[57.335,25.792],[57.261,25.919],[57.206,26.037],[57.201,26.159],[57.104,26.371],[57.072,26.68],[57.036,26.801],[56.982,26.905],[56.91,26.995],[56.813,27.09],[56.728,27.128],[56.356,27.2],[56.284,27.191],[56.118,27.143],[55.941,27.038],[55.65,26.978],[55.592,26.932],[55.519,26.83],[55.424,26.771],[55.294,26.786],[55.155,26.725],[54.896,26.557],[54.759,26.505],[54.645,26.509],[54.522,26.589],[54.247,26.697],[54.069,26.732],[53.823,26.708],[53.706,26.726],[53.507,26.852],[53.455,26.943],[53.342,27.004],[52.983,27.142],[52.692,27.323],[52.638,27.392],[52.603,27.493],[52.476,27.617],[52.192,27.717],[52.031,27.824],[51.842,27.848],[51.666,27.845],[51.589,27.864],[51.519,27.91],[51.279,28.131],[51.276,28.219],[51.128,28.435],[51.094,28.512],[51.062,28.726],[51.021,28.782],[50.867,28.87],[50.843,28.928],[50.876,29.004],[50.876,29.063],[50.796,29.117],[50.675,29.147],[50.646,29.212],[50.668,29.34],[50.65,29.42],[50.544,29.548],[50.387,29.679],[50.23,29.873],[50.169,29.921],[50.129,30.048],[50.072,30.199],[49.983,30.209],[49.555,30.029],[49.43,30.13],[49.054,30.307],[49.028,30.333],[49.002,30.374],[49.049,30.397],[49.096,30.407],[49.19,30.375],[49.247,30.413],[49.225,30.472],[49.13,30.509],[49.002,30.507],[49.037,30.45],[48.917,30.397],[48.891,30.328],[48.909,30.241],[48.919,30.121],[48.87,30.062],[48.832,30.035],[48.671,30.028],[48.596,29.975],[48.546,29.962],[48.454,29.938],[48.355,29.957],[48.142,30.041],[48.073,30.043],[47.983,30.011],[47.979,29.983],[47.974,29.946],[48.006,29.836],[48.077,29.716],[48.136,29.618],[48.143,29.572],[48.089,29.579],[48.048,29.598],[47.97,29.617],[47.817,29.487],[47.725,29.417],[47.723,29.393],[47.845,29.366],[47.935,29.367],[47.998,29.386],[48.051,29.355],[48.086,29.275],[48.1,29.211],[48.184,28.979],[48.253,28.901],[48.339,28.763],[48.371,28.692],[48.39,28.632],[48.442,28.543],[48.499,28.449],[48.523,28.355],[48.626,28.133],[48.774,27.959],[48.809,27.896],[48.833,27.801],[48.807,27.765],[48.797,27.724],[48.906,27.629],[49.087,27.549],[49.158,27.528],[49.237,27.493],[49.175,27.438],[49.282,27.31],[49.405,27.181],[49.538,27.152],[49.717,26.956],[49.986,26.829],[50.15,26.663],[50.135,26.66],[50.087,26.676],[50.026,26.699],[50.008,26.679],[50.011,26.609],[50.027,26.527],[50.111,26.456],[50.185,26.405],[50.214,26.308],[50.155,26.101],[50.135,26.101],[50.096,26.119],[50.054,26.123],[50.032,26.111],[50.081,25.961],[50.13,25.847],[50.19,25.756],[50.239,25.623],[50.281,25.566],[50.455,25.425],[50.508,25.307],[50.558,25.087],[50.667,24.964],[50.726,24.869],[50.804,24.789],[50.836,24.85],[50.847,24.889],[50.777,25.177],[50.755,25.399],[50.763,25.445],[50.803,25.497],[50.869,25.613],[50.904,25.724],[51.003,25.981],[51.108,26.081],[51.262,26.153],[51.389,26.011],[51.543,25.902],[51.572,25.781],[51.527,25.682],[51.485,25.525],[51.51,25.452],[51.52,25.39],[51.561,25.284],[51.602,25.148],[51.609,25.053],[51.587,24.965],[51.533,24.891],[51.428,24.668],[51.396,24.645],[51.268,24.607],[51.338,24.564],[51.411,24.571],[51.418,24.531],[51.37,24.477],[51.31,24.34],[51.395,24.319],[51.477,24.308],[51.535,24.286],[51.568,24.286],[51.605,24.338],[51.623,24.301],[51.665,24.25],[51.735,24.263],[51.768,24.254],[51.792,24.075],[51.843,24.011],[51.906,23.985],[52.119,23.971],[52.251,23.995],[52.511,24.113],[52.648,24.155],[53.026,24.147],[53.33,24.098],[53.802,24.069],[53.893,24.077],[54.148,24.171],[54.304,24.254],[54.397,24.278],[54.458,24.358],[54.499,24.463],[54.535,24.531],[54.58,24.564],[54.624,24.621],[54.659,24.716],[54.747,24.81],[55.098,25.042],[55.304,25.237],[55.322,25.3],[55.433,25.394],[55.523,25.498],[55.941,25.794],[56.025,25.916],[56.075,26.053],[56.08,26.063],[56.164,26.207],[56.197,26.229],[56.228,26.22],[56.306,26.235],[56.346,26.314],[56.379,26.356],[56.413,26.351],[56.43,26.327],[56.418,26.208],[56.416,26.109],[56.374,25.805],[56.329,25.752],[56.307,25.709],[56.298,25.651],[56.363,25.569],[56.373,25.018],[56.388,24.979],[56.49,24.716],[56.641,24.47],[56.774,24.335],[56.913,24.15],[57.123,23.981],[57.22,23.923],[57.611,23.804],[57.825,23.759],[58.12,23.717],[58.325,23.624],[58.393,23.618],[58.5,23.646],[58.578,23.643],[58.773,23.517],[58.83,23.397],[58.912,23.334],[58.983,23.235],[59.03,23.131],[59.195,22.972],[59.311,22.793],[59.429,22.661],[59.535,22.579],[59.696,22.546],[59.823,22.509],[59.837,22.421],[59.824,22.305],[59.8,22.22],[59.681,22.054],[59.653,21.951],[59.518,21.782],[59.371,21.499],[59.304,21.435],[59.069,21.289],[58.896,21.113],[58.69,20.807],[58.534,20.504],[58.474,20.407],[58.349,20.387],[58.266,20.395],[58.209,20.424],[58.232,20.507],[58.245,20.599],[58.169,20.59],[58.103,20.57],[57.947,20.344],[57.862,20.244],[57.844,20.118],[57.802,19.955],[57.741,19.804],[57.714,19.678],[57.715,19.607],[57.761,19.432],[57.764,19.253],[57.79,19.146],[57.812,19.017],[57.738,18.977],[57.676,18.958],[57.428,18.944],[57.177,18.903],[56.957,18.828],[56.826,18.754],[56.655,18.587],[56.551,18.166],[56.383,17.988],[56.27,17.951],[55.998,17.935],[55.614,17.886],[55.479,17.843],[55.255,17.586],[55.238,17.505],[55.281,17.446],[55.296,17.382],[55.275,17.321],[55.174,17.158],[55.064,17.039],[54.772,16.965],[54.665,17.009],[54.567,17.031],[54.377,17.034],[54.068,17.006],[53.954,16.918],[53.775,16.856],[53.61,16.76],[53.298,16.723],[53.086,16.648],[52.581,16.47],[52.448,16.391],[52.328,16.294],[52.237,16.171],[52.174,15.957],[52.222,15.761],[52.217,15.656],[52.087,15.586],[51.966,15.536],[51.831,15.459],[51.749,15.44],[51.682,15.379],[51.604,15.337],[51.322,15.226],[51.015,15.141],[50.527,15.038],[50.339,14.927],[50.167,14.851],[49.906,14.828],[49.549,14.722],[49.35,14.638],[49.103,14.5],[49.048,14.456],[49.005,14.355],[48.929,14.267],[48.78,14.124],[48.668,14.05],[48.594,14.046],[48.449,14.006],[48.278,13.998],[47.99,14.048],[47.916,14.013],[47.855,13.957],[47.633,13.858],[47.408,13.662],[47.243,13.609],[46.976,13.547],[46.789,13.466],[46.663,13.433],[46.502,13.416],[46.203,13.424],[45.92,13.394],[45.657,13.339],[45.534,13.233],[45.394,13.067],[45.164,12.998],[45.11,12.939],[45.039,12.816],[44.89,12.784],[44.755,12.764],[44.618,12.817],[44.358,12.669],[44.26,12.645],[44.112,12.639],[44.006,12.608],[43.93,12.617],[43.835,12.674],[43.634,12.744],[43.488,12.699],[43.475,12.839],[43.232,13.267],[43.283,13.64],[43.282,13.693],[43.234,13.859],[43.089,14.011],[43.093,14.204],[43.045,14.342],[43.006,14.483],[43.019,14.521],[43.021,14.555],[42.947,14.773],[42.922,14.817],[42.913,14.863],[42.937,14.898],[42.936,14.939],[42.897,15.006],[42.856,15.133],[42.658,15.233],[42.698,15.326],[42.736,15.294],[42.788,15.266],[42.799,15.326],[42.8,15.372],[42.717,15.655],[42.84,16.032],[42.799,16.372],[42.79,16.452],[42.731,16.57],[42.726,16.653],[42.699,16.737],[42.647,16.801],[42.553,16.868],[42.544,16.96],[42.475,17.05],[42.383,17.122],[42.332,17.257],[42.294,17.435],[42.052,17.669],[41.75,17.886],[41.658,18.008],[41.508,18.256],[41.432,18.452],[41.229,18.678],[41.221,18.765],[41.191,18.871],[41.144,18.989],[41.116,19.082],[40.913,19.49],[40.848,19.555],[40.792,19.646],[40.777,19.717],[40.759,19.755],[40.616,19.822],[40.482,19.993],[40.081,20.266],[39.884,20.293],[39.728,20.39],[39.614,20.518],[39.491,20.737],[39.276,20.974],[39.094,21.31],[39.151,21.433],[39.147,21.519],[39.091,21.664],[39.03,21.776],[38.988,21.882],[39.021,22.033],[39.034,22.203],[39.07,22.294],[39.096,22.393],[39.062,22.592],[39.001,22.699],[39.007,22.77],[38.939,22.805],[38.883,22.882],[38.941,22.882],[38.836,22.989],[38.797,23.049],[38.757,23.194],[38.706,23.306],[38.542,23.558],[38.464,23.712],[38.289,23.911],[38.099,24.058],[37.978,24.125],[37.92,24.185],[37.821,24.188],[37.713,24.274],[37.638,24.278],[37.543,24.292],[37.431,24.459],[37.338,24.616],[37.181,24.82],[37.22,24.873],[37.266,24.96],[37.243,25.073],[37.218,25.151],[37.149,25.291],[36.921,25.641],[36.86,25.692],[36.763,25.751],[36.703,25.903],[36.675,26.039],[36.519,26.105],[36.25,26.595],[36.094,26.766],[36.032,26.881],[35.852,27.07],[35.763,27.259],[35.581,27.432],[35.424,27.734],[35.18,28.035],[35.078,28.087],[34.828,28.109],[34.722,28.131],[34.625,28.065],[34.616,28.148],[34.683,28.264],[34.78,28.507],[34.799,28.721],[34.951,29.354],[34.982,29.484],[34.973,29.555],[34.904,29.477],[34.849,29.432],[34.736,29.271],[34.617,28.758],[34.446,28.357],[34.427,28.106],[34.4,28.016],[34.319,27.889],[34.22,27.764],[34.045,27.829],[33.76,28.048],[33.594,28.256],[33.416,28.39],[33.248,28.568],[33.202,28.696],[33.204,28.778],[33.13,28.978],[33.076,29.073],[32.871,29.286],[32.812,29.4],[32.767,29.45],[32.721,29.522],[32.647,29.798],[32.566,29.974],[32.473,29.925],[32.489,29.852],[32.409,29.749],[32.36,29.631],[32.397,29.534],[32.565,29.386],[32.599,29.322],[32.638,29.182],[32.632,28.992],[32.659,28.928],[32.784,28.787],[32.829,28.703],[32.857,28.631],[32.898,28.565],[33.023,28.442],[33.202,28.208],[33.372,28.051],[33.495,27.974],[33.547,27.898],[33.559,27.701],[33.55,27.607],[33.657,27.431],[33.697,27.341],[33.802,27.268],[33.849,27.185],[33.893,27.049],[33.959,26.649],[34.05,26.551],[34.329,26.024],[34.565,25.691],[34.679,25.443],[34.853,25.14],[35.194,24.475],[35.397,24.27],[35.478,24.155],[35.625,24.066],[35.784,23.938],[35.632,23.95],[35.594,23.943],[35.541,23.921],[35.515,23.843],[35.504,23.779],[35.523,23.443],[35.564,23.271],[35.698,22.946],[35.797,22.849],[35.846,22.786],[35.913,22.74],[36.23,22.629],[36.415,22.394],[36.83,22.098],[36.87,22.016],[36.871,21.997],[36.883,21.769],[36.927,21.587],[37.081,21.326],[37.212,21.186],[37.259,21.109],[37.263,21.073],[37.257,21.039],[37.217,21.078],[37.151,21.104],[37.141,20.982],[37.157,20.895],[37.173,20.732],[37.228,20.557],[37.188,20.395],[37.193,20.121],[37.263,19.792],[37.248,19.582],[37.362,19.092],[37.471,18.82],[37.532,18.753],[37.599,18.717],[37.73,18.694],[37.922,18.556],[38.074,18.41],[38.128,18.333],[38.202,18.249],[38.252,18.264],[38.283,18.287],[38.333,18.219],[38.574,18.073],[38.609,18.005],[38.912,17.427],[39.034,17.086],[39.143,16.729],[39.223,16.194],[39.299,15.921],[39.422,15.787],[39.507,15.532],[39.579,15.523],[39.631,15.453],[39.721,15.214],[39.786,15.125],[39.819,15.201],[39.816,15.245],[39.79,15.319],[39.813,15.414],[39.864,15.47],[39.978,15.393],[40.041,15.335],[40.058,15.217],[40.084,15.152],[40.204,15.014],[40.305,14.974],[40.437,14.964],[40.546,14.934],[40.634,14.883],[40.799,14.743],[41.176,14.62],[41.48,14.244],[41.658,13.983],[42.245,13.588],[42.346,13.398],[42.399,13.213],[42.523,13.221],[42.734,13.019],[42.796,12.864],[42.97,12.808],[42.999,12.9],[43.083,12.825],[43.117,12.709],[43.131,12.66],[43.299,12.464],[43.354,12.367],[43.41,12.19],[43.38,12.091],[43.337,12.027],[43.272,11.97],[43.048,11.829],[42.799,11.739],[42.64,11.56],[42.522,11.572],[42.54,11.504],[42.584,11.497],[42.653,11.51],[42.79,11.562],[42.912,11.587],[43.043,11.588],[43.162,11.566],[43.246,11.5],[43.441,11.346],[43.631,11.035],[43.853,10.784],[44.158,10.551],[44.279,10.472],[44.387,10.43],[44.943,10.437],[45.338,10.65],[45.696,10.804],[45.817,10.836],[46.025,10.794],[46.254,10.781],[46.46,10.734],[46.565,10.746],[46.973,10.925],[47.23,11.1],[47.405,11.174],[47.474,11.175],[47.712,11.112],[48.019,11.139],[48.439,11.29],[48.573,11.321],[48.674,11.323],[48.903,11.255],[48.939,11.258],[49.062,11.271],[49.388,11.343],[49.642,11.451],[50.11,11.529],[50.466,11.728],[50.528,11.823],[50.636,11.944],[50.792,11.984],[51.191,11.842],[51.255,11.831],[51.232,11.745],[51.218,11.658],[51.136,11.505],[51.084,11.336],[51.122,11.077],[51.141,10.657],[51.131,10.596],[51.105,10.536],[51.094,10.489],[51.051,10.472],[51.032,10.445],[51.063,10.434],[51.188,10.48],[51.186,10.53],[51.193,10.555],[51.296,10.499],[51.369,10.475],[51.39,10.423],[51.385,10.387],[51.268,10.403],[51.209,10.431],[51.036,10.385],[50.93,10.336],[50.898,10.253],[50.874,9.924],[50.833,9.71],[50.825,9.428],[50.685,9.241],[50.638,9.109],[50.43,8.845],[50.321,8.62],[50.286,8.509],[50.103,8.2],[49.852,7.963],[49.761,7.66],[49.671,7.47],[49.57,7.297],[49.349,6.991],[49.235,6.777],[49.093,6.408],[49.049,6.174],[48.649,5.494],[48.234,4.953],[47.975,4.497],[47.511,3.968],[46.879,3.286],[46.051,2.475],[45.826,2.31],[44.92,1.81],[44.333,1.391],[44.033,1.106],[43.718,0.858],[43.468,0.622],[42.712,-0.176],[42.634,-0.251],[42.561,-0.321],[42.466,-0.457],[42.399,-0.51],[42.219,-0.738],[42.106,-0.856],[41.98,-0.973],[41.926,-1.056],[41.888,-1.151],[41.846,-1.203],[41.732,-1.43],[41.632,-1.579],[41.533,-1.695],[41.387,-1.867],[41.267,-1.945],[41.107,-1.982],[41.059,-1.975],[40.996,-1.951],[40.971,-1.992],[40.952,-2.056],[40.917,-2.042],[40.89,-2.024],[40.906,-2.138],[40.922,-2.194],[40.898,-2.27],[40.82,-2.336],[40.813,-2.392],[40.644,-2.539],[40.404,-2.556],[40.279,-2.629],[40.222,-2.688],[40.18,-2.819],[40.195,-3.019],[40.128,-3.173],[40.115,-3.251],[39.992,-3.351],[39.937,-3.442],[39.896,-3.536],[39.861,-3.577],[39.819,-3.786],[39.761,-3.913],[39.746,-3.955],[39.732,-3.993],[39.687,-4.068],[39.658,-4.119],[39.637,-4.153],[39.491,-4.478],[39.377,-4.625],[39.288,-4.609],[39.228,-4.666],[39.222,-4.692],[39.202,-4.776],[39.123,-4.98],[39.119,-5.065],[39.088,-5.165],[39.058,-5.232],[38.978,-5.519],[38.911,-5.626],[38.819,-5.878],[38.805,-6.07],[38.855,-6.205],[38.874,-6.331],[38.981,-6.455],[39.067,-6.499],[39.125,-6.556],[39.228,-6.685],[39.287,-6.815],[39.472,-6.879],[39.546,-7.024],[39.519,-7.124],[39.433,-7.207],[39.353,-7.341],[39.288,-7.518],[39.287,-7.788],[39.33,-7.747],[39.428,-7.813],[39.441,-8.012],[39.34,-8.243],[39.309,-8.351],[39.304,-8.444],[39.377,-8.721],[39.488,-8.862],[39.48,-8.906],[39.451,-8.943],[39.641,-9.192],[39.625,-9.409],[39.697,-9.578],[39.728,-9.725],[39.775,-9.837],[39.784,-9.915],[39.725,-10.0],[39.864,-10.022],[39.945,-10.092],[39.984,-10.16],[40.084,-10.157],[40.138,-10.203],[40.216,-10.241],[40.389,-10.354],[40.436,-10.41],[40.453,-10.443],[40.464,-10.464],[40.517,-10.567],[40.612,-10.662],[40.555,-10.716],[40.487,-10.765],[40.597,-10.831],[40.516,-10.93],[40.506,-10.998],[40.527,-11.025],[40.545,-11.066],[40.491,-11.179],[40.421,-11.266],[40.403,-11.332],[40.465,-11.449],[40.433,-11.657],[40.494,-11.844],[40.51,-11.94],[40.532,-12.005],[40.501,-12.119],[40.509,-12.313],[40.523,-12.393],[40.487,-12.492],[40.548,-12.527],[40.581,-12.636],[40.572,-12.758],[40.553,-12.825],[40.448,-12.905],[40.435,-12.936],[40.437,-12.983],[40.569,-12.985],[40.573,-13.058],[40.564,-13.115],[40.57,-13.223],[40.552,-13.294],[40.583,-13.374],[40.545,-13.463],[40.558,-13.531],[40.56,-13.62],[40.591,-13.845],[40.596,-14.123],[40.603,-14.167],[40.65,-14.199],[40.716,-14.214],[40.713,-14.291],[40.64,-14.39],[40.636,-14.452],[40.646,-14.539],[40.727,-14.421],[40.775,-14.421],[40.818,-14.468],[40.812,-14.536],[40.827,-14.569],[40.821,-14.635],[40.845,-14.719],[40.835,-14.792],[40.776,-14.842],[40.701,-14.93],[40.687,-15.012],[40.694,-15.065],[40.642,-15.082],[40.618,-15.116],[40.653,-15.193],[40.651,-15.261],[40.559,-15.473],[40.314,-15.764],[40.208,-15.867],[40.109,-15.979],[40.109,-16.025],[40.099,-16.065],[39.984,-16.225],[39.86,-16.252],[39.791,-16.295],[39.845,-16.436],[39.765,-16.468],[39.625,-16.579],[39.242,-16.793],[39.182,-16.842],[39.084,-16.973],[38.956,-17.005],[38.885,-17.042],[38.758,-17.055],[38.713,-17.046],[38.67,-17.05],[38.633,-17.078],[38.381,-17.17],[38.145,-17.243],[38.087,-17.276],[38.048,-17.321],[37.839,-17.393],[37.512,-17.571],[37.245,-17.74],[37.051,-17.909],[37.0,-17.935],[36.939,-17.993],[36.919,-18.08],[36.9,-18.129],[36.756,-18.307],[36.54,-18.518],[36.498,-18.576],[36.412,-18.693],[36.404,-18.77],[36.327,-18.793],[36.263,-18.72],[36.236,-18.861],[36.183,-18.871],[36.125,-18.842],[35.98,-18.913],[35.854,-18.993],[35.651,-19.164],[35.365,-19.494],[34.948,-19.813],[34.891,-19.822],[34.852,-19.821],[34.721,-19.71],[34.649,-19.701],[34.713,-19.767],[34.756,-19.822],[34.745,-19.929],[34.75,-20.091],[34.698,-20.404],[34.705,-20.473],[34.765,-20.562],[34.877,-20.671],[34.982,-20.806],[35.118,-21.195],[35.128,-21.395],[35.268,-21.651],[35.273,-21.762],[35.329,-22.037],[35.326,-22.26],[35.316,-22.397],[35.383,-22.455],[35.408,-22.403],[35.401,-22.316],[35.419,-22.178],[35.456,-22.116],[35.494,-22.125],[35.505,-22.19],[35.53,-22.248],[35.54,-22.303],[35.542,-22.377],[35.49,-22.658],[35.506,-22.772],[35.575,-22.963],[35.494,-23.185],[35.377,-23.708],[35.37,-23.798],[35.399,-23.838],[35.462,-23.851],[35.485,-23.784],[35.522,-23.785],[35.542,-23.824],[35.49,-24.066],[35.438,-24.171],[35.255,-24.43],[35.156,-24.541],[34.992,-24.651],[34.607,-24.821],[33.836,-25.068],[33.53,-25.189],[33.347,-25.261],[32.961,-25.49],[32.792,-25.644],[32.723,-25.821],[32.656,-25.902],[32.59,-26.004],[32.647,-26.092],[32.704,-26.158],[32.77,-26.203],[32.804,-26.241],[32.849,-26.268],[32.894,-26.13],[32.916,-26.087],[32.955,-26.084],[32.934,-26.252],[32.889,-26.83],[32.886,-26.849],[32.849,-27.08],[32.706,-27.442],[32.657,-27.607],[32.535,-28.2],[32.375,-28.498],[32.286,-28.621],[32.027,-28.84],[31.955,-28.884],[31.892,-28.912],[31.778,-28.937],[31.335,-29.378],[31.17,-29.591],[31.023,-29.901],[30.878,-30.071],[30.664,-30.434],[30.472,-30.715],[30.289,-30.97],[29.971,-31.322],[29.83,-31.424],[29.735,-31.47],[29.483,-31.675],[29.128,-32.003],[28.856,-32.294],[28.449,-32.625],[28.214,-32.769],[27.861,-33.054],[27.762,-33.096],[27.364,-33.361],[27.077,-33.521],[26.614,-33.707],[26.429,-33.76],[25.99,-33.711],[25.806,-33.737],[25.652,-33.85],[25.638,-34.011],[25.574,-34.035],[25.477,-34.028],[25.17,-33.961],[25.003,-33.974],[24.906,-34.06],[24.827,-34.169],[24.596,-34.175],[24.183,-34.062],[23.698,-33.993],[23.586,-33.985],[23.35,-34.069],[23.268,-34.081],[22.926,-34.063],[22.736,-34.01],[22.554,-34.01],[22.414,-34.054],[22.246,-34.069],[21.789,-34.373],[21.553,-34.373],[21.35,-34.408],[21.249,-34.407],[21.06,-34.365],[20.99,-34.367],[20.882,-34.387],[20.775,-34.44],[20.53,-34.463],[20.435,-34.509],[20.021,-34.786],[19.926,-34.775],[19.85,-34.757],[19.635,-34.753],[19.392,-34.606],[19.298,-34.615],[19.323,-34.571],[19.331,-34.492],[19.279,-34.437],[19.245,-34.412],[19.149,-34.417],[19.098,-34.35],[18.952,-34.344],[18.902,-34.361],[18.831,-34.364],[18.825,-34.296],[18.831,-34.254],[18.826,-34.188],[18.809,-34.108],[18.752,-34.083],[18.709,-34.072],[18.605,-34.077],[18.534,-34.086],[18.5,-34.109],[18.462,-34.168],[18.462,-34.347],[18.41,-34.296],[18.352,-34.188],[18.333,-34.074],[18.354,-33.939],[18.465,-33.888],[18.456,-33.796],[18.433,-33.717],[18.309,-33.514],[18.261,-33.422],[18.156,-33.359],[18.075,-33.207],[17.993,-33.152],[17.958,-33.046],[17.878,-32.962],[17.851,-32.827],[17.895,-32.75],[17.965,-32.709],[18.037,-32.775],[18.125,-32.749],[18.251,-32.652],[18.325,-32.505],[18.33,-32.27],[18.311,-32.122],[18.211,-31.742],[18.164,-31.655],[17.939,-31.383],[17.677,-31.019],[17.347,-30.445],[17.189,-30.1],[16.95,-29.403],[16.739,-29.009],[16.481,-28.642],[16.448,-28.618],[16.335,-28.537],[16.007,-28.232],[15.891,-28.153],[15.719,-27.966],[15.342,-27.387],[15.288,-27.275],[15.216,-26.995],[15.133,-26.788],[15.124,-26.668],[15.163,-26.6],[15.139,-26.508],[15.097,-26.426],[14.968,-26.318],[14.931,-25.958],[14.845,-25.726],[14.864,-25.534],[14.823,-25.359],[14.819,-25.246],[14.837,-25.033],[14.768,-24.788],[14.628,-24.548],[14.502,-24.202],[14.483,-24.05],[14.497,-23.643],[14.472,-23.477],[14.474,-23.281],[14.424,-23.079],[14.403,-22.968],[14.438,-22.881],[14.459,-22.908],[14.496,-22.921],[14.52,-22.805],[14.526,-22.703],[14.463,-22.449],[14.322,-22.19],[13.973,-21.768],[13.888,-21.607],[13.839,-21.473],[13.451,-20.917],[13.284,-20.524],[13.168,-20.185],[13.042,-20.028],[12.458,-18.927],[12.329,-18.751],[12.096,-18.541],[12.041,-18.471],[11.951,-18.271],[11.776,-18.002],[11.733,-17.751],[11.722,-17.467],[11.743,-17.249],[11.78,-16.871],[11.819,-16.704],[11.82,-16.504],[11.797,-15.986],[11.769,-15.915],[11.751,-15.832],[11.85,-15.768],[11.9,-15.72],[11.968,-15.634],[12.016,-15.514],[12.073,-15.248],[12.28,-14.637],[12.379,-14.039],[12.504,-13.755],[12.55,-13.438],[12.898,-13.028],[12.983,-12.776],[13.163,-12.652],[13.417,-12.52],[13.598,-12.286],[13.686,-12.124],[13.785,-11.813],[13.784,-11.488],[13.847,-11.054],[13.834,-10.93],[13.739,-10.757],[13.721,-10.634],[13.633,-10.512],[13.539,-10.421],[13.495,-10.257],[13.332,-9.999],[13.287,-9.827],[13.209,-9.703],[13.197,-9.551],[13.156,-9.39],[13.076,-9.23],[12.999,-9.048],[12.999,-8.991],[13.047,-8.922],[13.093,-8.9],[13.077,-8.934],[13.047,-8.975],[13.054,-9.007],[13.359,-8.687],[13.378,-8.625],[13.368,-8.555],[13.366,-8.469],[13.379,-8.37],[13.091,-7.78],[12.862,-7.232],[12.823,-6.955],[12.521,-6.59],[12.402,-6.353],[12.334,-6.187],[12.283,-6.124],[12.303,-6.093],[12.38,-6.084],[12.554,-6.046],[12.791,-6.004],[13.01,-5.908],[13.068,-5.865],[13.003,-5.836],[12.861,-5.854],[12.792,-5.878],[12.681,-5.961],[12.515,-6.004],[12.453,-6.0],[12.412,-5.986],[12.315,-5.895],[12.24,-5.807],[12.214,-5.759],[12.199,-5.732],[12.155,-5.633],[12.18,-5.539],[12.207,-5.468],[12.177,-5.325],[12.111,-5.197],[12.04,-5.035],[12.018,-5.004],[12.003,-4.982],[11.967,-4.954],[11.893,-4.866],[11.821,-4.755],[11.801,-4.705],[11.781,-4.677],[11.778,-4.566],[11.668,-4.434],[11.394,-4.2],[11.364,-4.131],[11.13,-3.916],[11.032,-3.826],[10.947,-3.662],[10.849,-3.561],[10.641,-3.398],[10.585,-3.278],[10.348,-3.013],[10.006,-2.748],[9.759,-2.519],[9.722,-2.468],[9.764,-2.474],[10.002,-2.588],[10.034,-2.576],[10.062,-2.55],[9.959,-2.49],[9.861,-2.443],[9.769,-2.413],[9.676,-2.416],[9.625,-2.367],[9.591,-2.293],[9.574,-2.23],[9.533,-2.164],[9.402,-2.028],[9.371,-1.975],[9.299,-1.903],[9.342,-1.894],[9.483,-1.962],[9.495,-1.935],[9.483,-1.895],[9.342,-1.829],[9.266,-1.825],[9.248,-1.779],[9.258,-1.726],[9.158,-1.528],[9.053,-1.379],[9.036,-1.309],[9.319,-1.632],[9.357,-1.638],[9.406,-1.635],[9.523,-1.598],[9.501,-1.555],[9.448,-1.509],[9.397,-1.53],[9.331,-1.535],[9.296,-1.515],[9.28,-1.482],[9.347,-1.325],[9.318,-1.333],[9.297,-1.361],[9.26,-1.374],[9.204,-1.382],[9.065,-1.298],[8.942,-1.071],[8.909,-1.025],[8.877,-0.946],[8.844,-0.914],[8.703,-0.591],[8.757,-0.615],[8.821,-0.708],[8.946,-0.689],[8.995,-0.635],[9.038,-0.637],[9.082,-0.624],[9.137,-0.573],[9.297,-0.351],[9.339,-0.058],[9.325,0.116],[9.302,0.289],[9.355,0.344],[9.376,0.307],[9.386,0.246],[9.411,0.2],[9.468,0.16],[9.574,0.149],[9.738,0.085],[9.797,0.044],[9.813,0.126],[10.001,0.195],[9.944,0.22],[9.777,0.192],[9.546,0.296],[9.47,0.362],[9.399,0.487],[9.325,0.552],[9.33,0.611],[9.495,0.665],[9.539,0.659],[9.557,0.594],[9.601,0.568],[9.618,0.577],[9.625,0.632],[9.626,0.779],[9.575,0.991],[9.591,1.032],[9.599,1.054],[9.51,1.115],[9.445,1.121],[9.386,1.139],[9.434,1.296],[9.494,1.435],[9.584,1.54],[9.632,1.566],[9.648,1.618],[9.719,1.789],[9.807,1.927],[9.78,2.068],[9.801,2.304],[9.822,2.539],[9.868,2.735],[9.885,2.917],[9.948,3.079],[9.915,3.24],[9.876,3.31],[9.672,3.538],[9.766,3.624],[9.642,3.612],[9.616,3.696],[9.556,3.798],[9.593,3.814],[9.628,3.87],[9.74,3.853],[9.736,3.88],[9.64,3.965],[9.649,4.008],[9.689,4.056],[9.67,4.077],[9.6,4.027],[9.551,4.028],[9.512,4.061],[9.484,4.066],[9.501,4.001],[9.462,3.943],[9.425,3.922],[9.362,3.926],[9.311,3.94],[9.297,3.973],[9.249,3.998],[9.114,4.041],[9.0,4.092],[8.977,4.23],[8.932,4.29],[8.914,4.358],[8.903,4.435],[8.918,4.554],[8.889,4.573],[8.856,4.579],[8.807,4.573],[8.762,4.58],[8.708,4.646],[8.66,4.671],[8.69,4.55],[8.656,4.516],[8.574,4.526],[8.54,4.572],[8.533,4.606],[8.571,4.752],[8.556,4.755],[8.544,4.758],[8.515,4.725],[8.431,4.746],[8.394,4.814],[8.342,4.825],[8.253,4.924],[8.234,4.907],[8.328,4.656],[8.293,4.558],[8.029,4.555],[7.801,4.522],[7.644,4.525],[7.566,4.561],[7.531,4.655],[7.517,4.645],[7.509,4.595],[7.46,4.555],[7.284,4.548],[7.207,4.612],[7.144,4.684],[7.077,4.716],[7.087,4.686],[7.164,4.616],[7.155,4.514],[7.013,4.397],[6.923,4.391],[6.868,4.441],[6.839,4.523],[6.825,4.645],[6.788,4.725],[6.768,4.725],[6.786,4.652],[6.792,4.593],[6.793,4.469],[6.86,4.373],[6.757,4.344],[6.715,4.342],[6.633,4.34],[6.617,4.376],[6.602,4.455],[6.58,4.476],[6.555,4.341],[6.5,4.332],[6.462,4.333],[6.3,4.304],[6.264,4.309],[6.256,4.334],[6.275,4.372],[6.271,4.432],[6.215,4.385],[6.206,4.292],[6.173,4.277],[6.077,4.291],[5.971,4.339],[5.906,4.388],[5.799,4.456],[5.588,4.647],[5.554,4.733],[5.493,4.839],[5.448,4.946],[5.383,5.129],[5.403,5.142],[5.452,5.127],[5.476,5.154],[5.388,5.174],[5.37,5.195],[5.364,5.259],[5.368,5.338],[5.439,5.365],[5.501,5.379],[5.532,5.426],[5.55,5.474],[5.386,5.402],[5.232,5.484],[5.199,5.534],[5.216,5.572],[5.289,5.577],[5.394,5.575],[5.457,5.612],[5.418,5.625],[5.35,5.623],[5.325,5.648],[5.327,5.708],[5.305,5.694],[5.276,5.642],[5.173,5.603],[5.112,5.642],[5.106,5.728],[5.093,5.767],[5.042,5.798],[4.861,6.026],[4.634,6.217],[4.431,6.349],[4.126,6.411],[3.487,6.409],[3.451,6.427],[3.49,6.457],[3.546,6.477],[3.752,6.584],[3.717,6.598],[3.503,6.531],[3.43,6.525],[3.336,6.397],[2.772,6.376],[2.706,6.369],[2.287,6.328],[1.818,6.261],[1.623,6.217],[1.311,6.147],[1.187,6.089],[1.106,6.051],[1.05,5.994],[1.008,5.906],[0.95,5.81],[0.749,5.76],[0.672,5.76],[0.26,5.757],[-0.127,5.568],[-0.349,5.501],[-0.485,5.394],[-0.669,5.319],[-0.798,5.227],[-1.064,5.183],[-1.502,5.038],[-1.638,4.981],[-1.777,4.88],[-2.002,4.762],[-2.09,4.764],[-2.266,4.874],[-2.399,4.929],[-2.723,5.014],[-2.965,5.046],[-3.082,5.082],[-3.114,5.089],[-3.246,5.114],[-3.215,5.147],[-3.087,5.128],[-3.019,5.131],[-3.026,5.151],[-3.064,5.158],[-3.169,5.203],[-3.151,5.348],[-3.2,5.354],[-3.238,5.335],[-3.312,5.161],[-3.348,5.131],[-3.871,5.221],[-3.984,5.293],[-4.12,5.31],[-4.357,5.301],[-4.553,5.28],[-4.609,5.236],[-4.115,5.262],[-4.062,5.257],[-4.037,5.23],[-4.662,5.173],[-4.9,5.138],[-4.97,5.148],[-5.024,5.204],[-5.282,5.21],[-5.335,5.192],[-5.368,5.151],[-5.266,5.16],[-5.105,5.162],[-5.062,5.131],[-5.565,5.089],[-5.914,5.011],[-6.062,4.953],[-6.548,4.762],[-6.845,4.671],[-6.923,4.638],[-7.058,4.545],[-7.231,4.486],[-7.426,4.376],[-7.545,4.351],[-7.66,4.367],[-7.998,4.509],[-8.259,4.59],[-9.132,5.055],[-9.375,5.241],[-9.654,5.519],[-10.276,6.078],[-10.418,6.167],[-10.597,6.211],[-10.708,6.258],[-10.786,6.31],[-10.849,6.465],[-11.005,6.557],[-11.292,6.688],[-11.508,6.907],[-11.548,6.947],[-11.733,7.089],[-11.929,7.184],[-12.347,7.342],[-12.486,7.386],[-12.481,7.442],[-12.433,7.545],[-12.51,7.666],[-12.48,7.753],[-12.51,7.753],[-12.57,7.701],[-12.698,7.716],[-12.782,7.791],[-12.851,7.819],[-12.881,7.857],[-12.925,8.055],[-12.957,8.145],[-13.021,8.201],[-13.149,8.215],[-13.202,8.336],[-13.273,8.43],[-13.261,8.488],[-13.203,8.484],[-13.158,8.442],[-13.085,8.425],[-12.994,8.526],[-12.913,8.582],[-12.894,8.63],[-12.904,8.656],[-12.953,8.615],[-13.088,8.626],[-13.122,8.589],[-13.182,8.577],[-13.228,8.696],[-13.226,8.766],[-13.207,8.843],[-13.071,8.856],[-13.059,8.881],[-13.154,8.898],[-13.272,8.987],[-13.293,9.049],[-13.303,9.078],[-13.269,9.171],[-13.296,9.219],[-13.396,9.314],[-13.406,9.361],[-13.436,9.42],[-13.568,9.543],[-13.691,9.536],[-13.657,9.639],[-13.659,9.776],[-13.7,9.851],[-13.69,9.928],[-13.713,9.923],[-13.754,9.87],[-13.82,9.887],[-13.955,9.969],[-14.022,10.048],[-14.03,10.115],[-14.045,10.141],[-14.086,10.127],[-14.17,10.129],[-14.427,10.248],[-14.61,10.55],[-14.614,10.618],[-14.587,10.735],[-14.594,10.767],[-14.677,10.689],[-14.693,10.741],[-14.757,10.862],[-14.776,10.932],[-14.837,10.963],[-14.887,10.968],[-14.925,10.945],[-14.975,10.803],[-15.012,10.804],[-15.051,10.835],[-15.043,10.94],[-15.094,11.011],[-15.055,11.142],[-15.097,11.14],[-15.181,11.034],[-15.222,11.031],[-15.217,11.156],[-15.263,11.161],[-15.317,11.152],[-15.393,11.217],[-15.401,11.266],[-15.395,11.334],[-15.348,11.378],[-15.355,11.396],[-15.399,11.401],[-15.449,11.39],[-15.479,11.41],[-15.429,11.499],[-15.253,11.573],[-15.164,11.581],[-15.073,11.598],[-15.122,11.662],[-15.23,11.687],[-15.317,11.669],[-15.36,11.623],[-15.413,11.615],[-15.502,11.724],[-15.5,11.778],[-15.467,11.843],[-15.416,11.872],[-15.211,11.871],[-15.133,11.907],[-15.102,11.914],[-15.072,11.947],[-15.078,11.969],[-15.112,11.97],[-15.188,11.927],[-15.435,11.944],[-15.513,11.918],[-15.651,11.818],[-15.819,11.763],[-15.942,11.787],[-15.903,11.92],[-15.92,11.938],[-15.959,11.96],[-16.138,11.917],[-16.274,11.978],[-16.328,12.052],[-16.319,12.144],[-16.255,12.206],[-16.245,12.237],[-16.312,12.243],[-16.437,12.204],[-16.712,12.355],[-16.746,12.4],[-16.785,12.473],[-16.76,12.526],[-16.678,12.56],[-16.553,12.605],[-16.488,12.582],[-16.45,12.581],[-16.443,12.609],[-16.455,12.625],[-16.549,12.664],[-16.598,12.715],[-16.638,12.685],[-16.673,12.622],[-16.701,12.603],[-16.744,12.585],[-16.768,12.628],[-16.778,12.67],[-16.759,12.702],[-16.769,12.883],[-16.757,12.98],[-16.763,13.064],[-16.769,13.148],[-16.825,13.341],[-16.75,13.425],[-16.669,13.475],[-16.615,13.435],[-16.598,13.357],[-16.556,13.303],[-16.413,13.27],[-16.272,13.294],[-16.185,13.283],[-16.188,13.326],[-16.158,13.384],[-15.986,13.409],[-15.804,13.425],[-15.618,13.46],[-15.471,13.459],[-15.427,13.468],[-15.438,13.483],[-15.57,13.5],[-15.85,13.46],[-16.135,13.448],[-16.352,13.343],[-16.441,13.353],[-16.53,13.458],[-16.562,13.587],[-16.588,13.69],[-16.648,13.771],[-16.745,13.84],[-16.767,13.905],[-16.734,13.961],[-16.64,14.007],[-16.618,14.041],[-16.667,14.036],[-16.742,14.006],[-16.792,14.004],[-16.798,14.093],[-16.881,14.208],[-16.974,14.403],[-17.079,14.483],[-17.168,14.641],[-17.261,14.701],[-17.346,14.729],[-17.418,14.723],[-17.445,14.652],[-17.536,14.755],[-17.412,14.792],[-17.147,14.922],[-16.843,15.294],[-16.571,15.734],[-16.535,15.838],[-16.536,16.287],[-16.481,16.454],[-16.464,16.602],[-16.347,16.926],[-16.207,17.193],[-16.079,17.546],[-16.03,17.888],[-16.047,18.223],[-16.085,18.521],[-16.15,18.718],[-16.213,19.003],[-16.306,19.154],[-16.476,19.285],[-16.514,19.362],[-16.475,19.391],[-16.371,19.41],[-16.305,19.513],[-16.445,19.473],[-16.283,19.787],[-16.233,20.001],[-16.241,20.141],[-16.21,20.228],[-16.334,20.416],[-16.43,20.652],[-16.479,20.69],[-16.53,20.71],[-16.535,20.654],[-16.563,20.604],[-16.623,20.634],[-16.728,20.806],[-16.876,21.086],[-16.928,21.115],[-16.971,21.076],[-16.998,21.04],[-17.048,20.806],[-17.099,20.857],[-17.01,21.377],[-16.931,21.9],[-16.793,22.16],[-16.684,22.274],[-16.514,22.333],[-16.359,22.595],[-16.304,22.835],[-16.202,22.945],[-16.17,23.032],[-16.21,23.098],[-16.114,23.228],[-15.997,23.425],[-15.943,23.553],[-15.806,23.75],[-15.789,23.793],[-15.802,23.842],[-15.855,23.8],[-15.913,23.728],[-15.981,23.67],[-15.953,23.741],[-15.899,23.844],[-15.778,23.953],[-15.586,24.073],[-15.189,24.479],[-15.039,24.549],[-14.904,24.72],[-14.856,24.872],[-14.843,25.22],[-14.795,25.404],[-14.707,25.548],[-14.602,25.809],[-14.523,25.925],[-14.471,26.163],[-14.414,26.254],[-14.312,26.297],[-14.168,26.415],[-13.952,26.489],[-13.696,26.643],[-13.576,26.735],[-13.496,26.873],[-13.41,27.147],[-13.256,27.435],[-13.176,27.656],[-13.041,27.77],[-12.949,27.914],[-12.794,27.978],[-12.469,28.009],[-11.986,28.129],[-11.553,28.31],[-11.43,28.382],[-11.299,28.526],[-11.081,28.714],[-10.674,28.939],[-10.486,29.065],[-10.201,29.38],[-10.01,29.641],[-9.853,29.809],[-9.743,29.958],[-9.667,30.109],[-9.624,30.353],[-9.653,30.448],[-9.773,30.603],[-9.854,30.645],[-9.875,30.718],[-9.832,30.847],[-9.833,31.07],[-9.809,31.425],[-9.675,31.711],[-9.347,32.086],[-9.287,32.241],[-9.249,32.486],[-9.246,32.572],[-8.836,32.92],[-8.596,33.187],[-8.513,33.252],[-8.301,33.374],[-7.562,33.64],[-7.145,33.83],[-6.901,33.969],[-6.756,34.133],[-6.353,34.776],[-5.958,35.681],[-5.925,35.786],[-5.748,35.816],[-5.623,35.829],[-5.522,35.862],[-5.397,35.93],[-5.278,35.903],[-5.338,35.857],[-5.338,35.745],[-5.253,35.615],[-5.105,35.468],[-4.837,35.281],[-4.628,35.206],[-4.33,35.161],[-3.982,35.243],[-3.788,35.245],[-3.693,35.28],[-3.591,35.228],[-3.395,35.212],[-3.206,35.239],[-3.063,35.317],[-2.972,35.407],[-2.958,35.363],[-2.954,35.315],[-2.926,35.287],[-2.87,35.173],[-2.84,35.128],[-2.731,35.135],[-2.637,35.113],[-2.424,35.123],[-2.22,35.104],[-2.018,35.085],[-1.913,35.094],[-1.674,35.183],[-1.484,35.303],[-1.336,35.364],[-1.205,35.496],[-1.088,35.579],[-0.917,35.668],[-0.426,35.862],[-0.351,35.863],[-0.189,35.819],[-0.048,35.833],[0.048,35.901],[0.152,36.063],[0.312,36.162],[0.515,36.262],[0.791,36.357],[0.972,36.444],[1.257,36.52],[1.975,36.568],[2.343,36.61],[2.593,36.601],[2.846,36.739],[2.973,36.784],[3.521,36.795],[3.779,36.896],[4.758,36.896],[4.878,36.862],[4.995,36.808],[5.196,36.677],[5.295,36.648],[5.425,36.675],[5.725,36.8],[6.065,36.864],[6.249,36.938],[6.328,37.046],[6.487,37.086],[6.576,37.003],[6.928,36.919],[7.143,36.943],[7.238,36.969],[7.204,37.092],[7.432,37.059],[7.608,37.0],[7.792,36.88],[7.91,36.856],[8.127,36.91],[8.577,36.937],[8.824,36.998],[9.059,37.156],[9.142,37.195],[9.688,37.34],[9.759,37.33],[9.838,37.309],[9.816,37.255],[9.784,37.211],[9.83,37.135],[9.896,37.182],[9.879,37.213],[9.876,37.254],[9.988,37.258],[10.087,37.251],[10.196,37.206],[10.189,37.034],[10.334,36.865],[10.293,36.781],[10.412,36.732],[10.518,36.791],[10.571,36.879],[10.766,36.93],[10.951,37.059],[11.054,37.073],[11.077,36.967],[11.127,36.874],[11.057,36.841],[10.967,36.743],[10.798,36.493],[10.642,36.42],[10.526,36.323],[10.488,36.255],[10.477,36.175],[10.506,36.032],[10.591,35.887],[10.689,35.8],[10.784,35.772],[11.004,35.634],[11.001,35.552],[11.032,35.454],[11.043,35.335],[11.12,35.24],[10.956,35.034],[10.866,34.884],[10.691,34.678],[10.535,34.545],[10.2,34.346],[10.118,34.28],[10.065,34.212],[10.04,34.14],[10.049,34.056],[10.159,33.85],[10.305,33.728],[10.454,33.663],[10.713,33.689],[10.704,33.61],[10.723,33.514],[10.828,33.519],[10.898,33.534],[10.958,33.626],[11.085,33.563],[11.15,33.369],[11.257,33.309],[11.27,33.286],[11.232,33.272],[11.203,33.249],[11.234,33.234],[11.338,33.209],[11.401,33.225],[11.505,33.182],[11.657,33.119],[11.813,33.094],[12.28,32.859],[12.427,32.829],[12.754,32.801],[13.138,32.897],[13.283,32.915],[13.536,32.824],[13.648,32.799],[13.835,32.792],[14.156,32.71],[14.237,32.681],[14.424,32.55],[14.513,32.511],[15.177,32.391],[15.267,32.312],[15.359,32.16],[15.363,31.971],[15.414,31.834],[15.496,31.657],[15.596,31.531],[15.706,31.426],[15.832,31.361],[16.123,31.264],[16.451,31.227],[16.782,31.215],[17.349,31.081],[17.83,30.928],[17.949,30.852],[18.19,30.777],[18.67,30.416],[18.936,30.29],[19.124,30.266],[19.292,30.288],[19.59,30.414],[19.713,30.488],[20.013,30.801],[20.112,30.964],[20.151,31.079],[20.141,31.196],[20.104,31.301],[20.02,31.411],[19.961,31.556],[19.926,31.818],[19.973,31.999],[20.031,32.108],[20.121,32.219],[20.371,32.431],[20.621,32.58],[21.062,32.776],[21.319,32.778],[21.425,32.799],[21.636,32.937],[21.721,32.942],[21.839,32.909],[22.187,32.918],[22.341,32.88],[22.523,32.794],[22.754,32.741],[22.917,32.687],[23.091,32.619],[23.13,32.448],[23.11,32.397],[23.106,32.331],[23.286,32.214],[23.798,32.159],[23.898,32.127],[24.039,32.037],[24.13,32.009],[24.48,31.997],[24.684,32.016],[24.879,31.984],[24.951,31.954],[25.025,31.883],[25.115,31.712],[25.15,31.655],[25.225,31.534],[25.382,31.513],[25.893,31.621],[26.457,31.512],[26.769,31.47],[27.248,31.378],[27.54,31.213],[27.62,31.192],[27.83,31.195],[27.968,31.097],[28.515,31.05],[28.807,30.943],[28.973,30.857],[29.072,30.83],[29.16,30.835],[29.279,30.867],[29.429,30.927],[29.592,31.012],[29.93,31.227],[30.049,31.265],[30.128,31.256],[30.223,31.258],[30.262,31.317],[30.312,31.357],[30.344,31.403],[30.395,31.458],[30.571,31.473],[30.924,31.567],[30.884,31.522],[30.563,31.417],[30.7,31.404],[30.841,31.44],[31.002,31.463],[31.031,31.508],[31.052,31.592],[31.083,31.603],[31.194,31.588],[31.524,31.458],[31.607,31.456],[31.839,31.526],[31.889,31.541],[31.964,31.502],[32.136,31.341],[32.076,31.344],[31.892,31.482],[31.876,31.414],[31.771,31.293],[31.902,31.24],[32.008,31.221],[32.066,31.153],[32.102,31.093],[32.207,31.119],[32.282,31.201],[32.243,31.247],[32.216,31.294],[32.251,31.295],[32.324,31.256],[32.533,31.101],[32.603,31.069],[32.685,31.074],[32.854,31.118],[32.902,31.111],[33.13,31.168],[33.157,31.126],[33.194,31.085],[33.378,31.131],[33.667,31.13],[33.903,31.181],[34.176,31.304],[34.198,31.323],[34.387,31.484],[34.477,31.585],[34.484,31.592],[34.678,31.896],[34.804,32.196],[34.922,32.614],[35.006,32.827],[35.077,32.967],[35.109,33.084],[35.155,33.16],[35.204,33.259],[35.251,33.393],[35.336,33.503],[35.511,33.88],[35.612,34.032],[35.648,34.248],[35.804,34.437],[35.921,34.493],[35.978,34.547],[35.976,34.629],[35.899,34.852],[35.888,34.949],[35.89,35.06],[35.943,35.224],[35.918,35.3],[35.916,35.351],[35.902,35.421],[35.764,35.572],[35.84,35.849],[35.893,35.917],[35.957,35.998],[35.887,36.159],[35.811,36.31],[35.883,36.406],[36.032,36.523],[36.188,36.659],[36.188,36.743],[36.18,36.807],[36.135,36.852],[36.049,36.911],[35.905,36.848],[35.802,36.778],[35.734,36.764],[35.661,36.724],[35.626,36.653],[35.537,36.597],[35.393,36.575],[35.176,36.635],[34.943,36.726],[34.811,36.799],[34.704,36.817],[34.601,36.784],[34.3,36.604],[34.023,36.341],[33.955,36.295],[33.695,36.182],[33.523,36.144],[33.442,36.153],[33.1,36.103],[32.929,36.096],[32.795,36.036],[32.534,36.101],[32.378,36.184],[32.284,36.268],[32.131,36.449],[32.022,36.535],[31.778,36.613],[31.353,36.801],[31.241,36.822],[30.95,36.849],[30.644,36.866],[30.582,36.797],[30.558,36.526],[30.506,36.451],[30.484,36.31],[30.446,36.27],[30.387,36.243],[30.295,36.288],[30.232,36.307],[30.083,36.249],[29.789,36.168],[29.689,36.157],[29.348,36.259],[29.224,36.324],[29.143,36.397],[29.116,36.52],[29.066,36.59],[29.058,36.638],[29.038,36.693],[28.97,36.715],[28.896,36.674],[28.817,36.675],[28.718,36.701],[28.484,36.804],[28.304,36.812],[28.196,36.686],[28.112,36.646],[28.019,36.634],[28.014,36.67],[28.084,36.751],[27.804,36.736],[27.656,36.675],[27.54,36.684],[27.454,36.712],[27.467,36.746],[27.555,36.759],[27.631,36.787],[27.934,36.809],[28.005,36.832],[28.083,36.92],[28.224,36.996],[28.242,37.029],[28.134,37.029],[27.668,37.007],[27.349,37.02],[27.311,36.982],[27.263,36.977],[27.25,37.079],[27.3,37.127],[27.368,37.122],[27.535,37.164],[27.52,37.249],[27.401,37.307],[27.376,37.341],[27.29,37.349],[27.219,37.389],[27.204,37.491],[27.148,37.604],[27.068,37.658],[27.078,37.688],[27.224,37.725],[27.255,37.882],[27.232,37.979],[27.159,37.987],[26.944,38.063],[26.879,38.055],[26.807,38.138],[26.683,38.198],[26.621,38.176],[26.582,38.149],[26.525,38.162],[26.428,38.214],[26.333,38.242],[26.291,38.277],[26.344,38.37],[26.416,38.368],[26.43,38.441],[26.372,38.562],[26.378,38.624],[26.441,38.641],[26.514,38.629],[26.587,38.557],[26.61,38.487],[26.595,38.419],[26.641,38.352],[26.674,38.336],[26.696,38.405],[26.727,38.419],[26.77,38.388],[26.861,38.373],[27.099,38.416],[27.144,38.452],[26.97,38.448],[26.907,38.482],[26.838,38.558],[26.795,38.626],[26.788,38.66],[26.764,38.71],[26.79,38.736],[26.909,38.776],[27.014,38.887],[26.97,38.919],[26.92,38.934],[26.866,38.923],[26.815,38.961],[26.808,39.014],[26.849,39.057],[26.854,39.116],[26.719,39.261],[26.682,39.292],[26.711,39.34],[26.813,39.419],[26.911,39.517],[26.899,39.55],[26.827,39.563],[26.484,39.521],[26.351,39.484],[26.113,39.467],[26.096,39.521],[26.101,39.569],[26.155,39.657],[26.15,39.873],[26.181,39.99],[26.313,40.025],[26.475,40.197],[26.738,40.4],[27.012,40.396],[27.122,40.452],[27.285,40.456],[27.314,40.415],[27.333,40.376],[27.476,40.32],[27.728,40.329],[27.789,40.351],[27.849,40.382],[27.732,40.481],[27.769,40.51],[27.875,40.513],[27.99,40.489],[27.995,40.467],[27.964,40.435],[27.929,40.38],[27.963,40.37],[28.289,40.403],[28.63,40.376],[28.739,40.391],[29.007,40.39],[29.055,40.424],[28.974,40.467],[28.895,40.482],[28.841,40.503],[28.788,40.534],[28.958,40.631],[29.054,40.649],[29.508,40.708],[29.845,40.738],[29.849,40.76],[29.801,40.76],[29.365,40.809],[29.26,40.847],[29.114,40.938],[29.082,40.963],[29.046,41.008],[29.067,41.102],[29.094,41.177],[29.148,41.221],[29.322,41.228],[29.919,41.151],[30.345,41.197],[30.81,41.085],[31.255,41.108],[31.347,41.158],[31.458,41.32],[32.086,41.589],[32.306,41.73],[32.542,41.806],[32.947,41.892],[33.285,42.005],[33.381,42.018],[34.193,41.964],[34.75,41.957],[35.006,42.063],[35.155,42.028],[35.141,41.99],[35.114,41.957],[35.122,41.891],[35.209,41.794],[35.298,41.729],[35.558,41.634],[35.92,41.714],[35.978,41.705],[36.052,41.683],[36.179,41.427],[36.278,41.336],[36.405,41.275],[36.51,41.263],[36.587,41.327],[36.647,41.353],[36.778,41.363],[36.992,41.275],[37.066,41.184],[37.431,41.114],[37.766,41.079],[37.91,41.002],[38.381,40.925],[38.557,40.937],[38.852,41.018],[39.426,41.106],[39.808,40.983],[39.911,40.966],[40.0,40.977],[40.128,40.943],[40.265,40.961],[40.688,41.107],[40.82,41.19],[40.959,41.212],[41.084,41.261],[41.414,41.424],[41.51,41.517],[41.702,41.705],[41.759,41.817],[41.761,41.885],[41.763,41.97],[41.663,42.147],[41.578,42.398],[41.489,42.659],[41.419,42.738],[41.129,42.828],[41.062,42.931],[40.837,43.063],[40.524,43.121],[40.462,43.146],[40.191,43.312],[39.978,43.42],[39.874,43.473],[39.517,43.728],[39.329,43.897],[38.717,44.288],[38.636,44.318],[38.312,44.374],[38.181,44.42],[37.851,44.699],[37.705,44.661],[37.572,44.671],[37.495,44.695],[37.411,44.735],[37.352,44.788],[37.284,44.905],[37.205,44.972],[36.944,45.07],[36.651,45.126],[36.628,45.151],[36.619,45.185],[36.873,45.252],[36.941,45.29],[36.811,45.34],[36.762,45.348],[36.72,45.372],[36.794,45.41],[36.866,45.427],[36.978,45.384],[37.104,45.303],[37.214,45.272],[37.264,45.311],[37.647,45.377],[37.673,45.43],[37.672,45.488],[37.634,45.486],[37.61,45.5],[37.612,45.565],[37.669,45.654],[37.841,45.8],[37.933,46.002],[38.014,46.048],[38.074,46.017],[38.07,45.97],[38.08,45.935],[38.133,46.003],[38.184,46.095],[38.312,46.095],[38.4,46.08],[38.492,46.091],[38.315,46.242],[38.078,46.394],[37.978,46.383],[37.914,46.406],[37.81,46.532],[37.767,46.636],[37.867,46.634],[37.968,46.618],[38.159,46.691],[38.23,46.701],[38.343,46.678],[38.501,46.664],[38.488,46.732],[38.439,46.813],[38.631,46.873],[38.801,46.906],[39.127,47.023],[39.271,47.044],[39.289,47.071],[39.293,47.106],[39.245,47.2],[39.196,47.269],[39.024,47.272],[38.928,47.176],[38.668,47.144],[38.552,47.15],[38.644,47.212],[38.736,47.236],[38.762,47.262],[38.577,47.239],[38.485,47.176],[38.214,47.091],[38.178,47.08],[37.829,47.096],[37.543,47.075],[37.34,46.917],[37.219,46.917],[37.048,46.876],[36.932,46.825],[36.795,46.714],[36.689,46.764],[36.559,46.763],[36.432,46.733],[36.279,46.659],[36.195,46.646],[36.025,46.667],[35.827,46.624],[35.4,46.381],[35.257,46.204],[35.204,46.169],[35.132,46.126],[35.055,46.104],[35.015,46.106],[35.218,46.232],[35.28,46.279],[35.291,46.314],[35.292,46.371],[35.23,46.441],[35.064,46.267],[34.97,46.242],[34.85,46.19],[34.844,46.074],[34.857,45.987],[34.907,45.879],[35.023,45.701],[35.26,45.447],[35.374,45.354],[35.458,45.316],[35.558,45.311],[35.751,45.389],[35.833,45.402],[36.013,45.372],[36.077,45.424],[36.171,45.453],[36.29,45.457],[36.427,45.433],[36.575,45.394],[36.514,45.304],[36.451,45.232],[36.428,45.153],[36.393,45.065],[36.23,45.026],[36.055,45.031],[35.87,45.005],[35.804,45.04],[35.759,45.071],[35.678,45.102],[35.57,45.119],[35.473,45.098],[35.358,44.978],[35.155,44.896],[35.088,44.803],[34.888,44.824],[34.717,44.807],[34.47,44.722],[34.282,44.538],[34.074,44.424],[33.91,44.388],[33.756,44.399],[33.656,44.433],[33.451,44.554],[33.463,44.597],[33.491,44.619],[33.53,44.681],[33.612,44.908],[33.601,44.981],[33.555,45.098],[33.392,45.188],[33.262,45.171],[33.187,45.195],[32.919,45.348],[32.773,45.359],[32.611,45.328],[32.552,45.35],[32.508,45.404],[32.828,45.593],[33.142,45.749],[33.28,45.765],[33.466,45.838],[33.665,45.947],[33.637,46.033],[33.594,46.096],[33.499,46.079],[33.43,46.058],[33.263,46.126],[33.202,46.176],[32.942,46.124],[32.797,46.131],[32.477,46.084],[32.33,46.13],[32.036,46.261],[31.925,46.287],[31.831,46.282],[31.78,46.325],[31.843,46.346],[31.916,46.349],[31.992,46.364],[32.013,46.387],[32.008,46.43],[31.856,46.462],[31.714,46.472],[31.624,46.51],[31.555,46.554],[31.716,46.555],[31.878,46.522],[32.131,46.509],[32.361,46.475],[32.419,46.518],[32.553,46.592],[32.578,46.616],[32.354,46.565],[32.127,46.597],[32.044,46.642],[31.974,46.709],[31.945,46.784],[31.964,46.855],[31.94,46.982],[31.865,47.095],[31.838,47.157],[31.759,47.213],[31.837,47.087],[31.866,47.003],[31.913,46.926],[31.902,46.722],[31.873,46.65],[31.78,46.632],[31.657,46.642],[31.532,46.665],[31.563,46.777],[31.497,46.738],[31.403,46.629],[31.32,46.612],[31.137,46.624],[30.796,46.552],[30.773,46.473],[30.722,46.366],[30.672,46.304],[30.657,46.267],[30.512,46.105],[30.493,46.09],[30.219,45.867],[30.184,45.85],[30.007,45.798],[29.902,45.752],[29.821,45.732],[29.685,45.755],[29.628,45.722],[29.602,45.683],[29.601,45.6],[29.67,45.541],[29.727,45.343],[29.706,45.26],[29.689,45.193],[29.679,45.152],[29.635,44.98],[29.605,44.915],[29.558,44.843],[29.048,44.758],[29.081,44.799],[29.069,44.871],[29.048,44.926],[29.095,44.975],[28.981,44.993],[28.931,44.966],[28.892,44.919],[28.926,44.81],[28.87,44.75],[28.849,44.716],[28.846,44.637],[28.814,44.602],[28.807,44.565],[28.888,44.575],[28.852,44.506],[28.699,44.374],[28.645,44.296],[28.659,43.984],[28.591,43.797],[28.585,43.742],[28.562,43.501],[28.465,43.389],[28.32,43.427],[28.134,43.396],[28.035,43.268],[27.979,43.231],[27.929,43.186],[27.896,43.021],[27.889,42.75],[27.818,42.717],[27.754,42.707],[27.485,42.468],[27.64,42.401],[27.708,42.35],[27.821,42.208],[27.983,42.047],[28.014,41.969],[27.987,41.855],[28.05,41.729],[28.198,41.554],[28.346,41.466],[28.947,41.248],[29.057,41.23],[29.032,41.14],[28.996,41.061],[28.956,41.008],[28.78,40.974],[28.295,41.071],[28.172,41.081],[28.086,41.061],[27.925,40.991],[27.747,41.013],[27.499,40.973],[27.43,40.84],[27.258,40.687],[26.975,40.564],[26.772,40.498],[26.468,40.261],[26.33,40.123],[26.272,40.097],[26.203,40.075],[26.226,40.142],[26.26,40.202],[26.252,40.248],[26.254,40.315],[26.355,40.39],[26.447,40.445],[26.72,40.544],[26.792,40.627],[26.578,40.625],[26.361,40.606],[26.224,40.618],[26.105,40.611],[26.068,40.683],[26.039,40.727],[26.011,40.769],[25.856,40.844],[25.497,40.888],[25.325,40.943],[25.25,40.933],[25.104,40.995],[25.005,40.968],[24.793,40.858],[24.679,40.869],[24.557,40.936],[24.477,40.948],[24.384,40.913],[24.234,40.786],[24.082,40.724],[23.946,40.748],[23.763,40.748],[23.743,40.677],[23.779,40.628],[23.879,40.544],[23.832,40.482],[23.867,40.419],[23.932,40.406],[24.031,40.409],[24.213,40.328],[24.292,40.242],[24.343,40.148],[24.232,40.215],[24.159,40.28],[24.056,40.304],[23.913,40.359],[23.823,40.368],[23.728,40.33],[23.721,40.286],[23.823,40.205],[23.918,40.155],[23.967,40.115],[24.001,40.025],[23.982,39.994],[23.947,39.966],[23.835,40.022],[23.665,40.224],[23.426,40.264],[23.386,40.222],[23.433,40.115],[23.467,40.074],[23.674,39.959],[23.658,39.934],[23.627,39.924],[23.396,39.99],[23.328,40.09],[23.312,40.216],[23.098,40.304],[22.896,40.4],[22.851,40.491],[22.893,40.524],[22.922,40.591],[22.811,40.579],[22.742,40.536],[22.629,40.496],[22.625,40.429],[22.643,40.367],[22.605,40.276],[22.569,40.119],[22.592,40.037],[22.836,39.801],[22.919,39.629],[22.979,39.564],[23.103,39.492],[23.233,39.358],[23.288,39.289],[23.328,39.175],[23.218,39.104],[23.155,39.101],[23.119,39.133],[23.169,39.21],[23.162,39.258],[22.993,39.331],[22.921,39.306],[22.839,39.259],[22.886,39.17],[22.939,39.112],[22.966,39.031],[23.067,39.038],[22.93,38.948],[22.803,38.902],[22.677,38.899],[22.597,38.891],[22.569,38.867],[22.634,38.851],[22.688,38.849],[22.774,38.8],[23.02,38.742],[23.138,38.668],[23.253,38.661],[23.369,38.526],[23.57,38.489],[23.684,38.352],[23.836,38.325],[23.967,38.275],[24.005,38.227],[24.025,38.14],[24.033,37.955],[24.061,37.818],[24.062,37.775],[24.055,37.71],[24.02,37.678],[23.972,37.677],[23.877,37.778],[23.733,37.884],[23.58,38.011],[23.537,38.033],[23.502,38.035],[23.42,37.992],[23.194,37.959],[23.087,37.913],[23.047,37.903],[23.036,37.878],[23.086,37.853],[23.147,37.795],[23.147,37.716],[23.198,37.62],[23.263,37.595],[23.348,37.598],[23.396,37.58],[23.409,37.542],[23.458,37.497],[23.491,37.464],[23.489,37.44],[23.253,37.377],[23.203,37.349],[23.162,37.334],[23.1,37.364],[23.096,37.441],[23.015,37.482],[22.941,37.517],[22.851,37.532],[22.775,37.585],[22.725,37.542],[22.765,37.393],[22.851,37.291],[22.995,37.016],[23.06,36.854],[23.074,36.775],[23.041,36.645],[23.112,36.548],[23.16,36.448],[23.107,36.452],[23.061,36.487],[22.983,36.528],[22.832,36.687],[22.78,36.786],[22.717,36.794],[22.608,36.78],[22.489,36.568],[22.489,36.447],[22.428,36.476],[22.375,36.514],[22.381,36.646],[22.376,36.702],[22.231,36.883],[22.165,36.903],[22.134,36.964],[22.08,37.029],[22.012,37.017],[21.956,36.99],[21.94,36.892],[21.934,36.804],[21.892,36.737],[21.738,36.863],[21.583,37.081],[21.579,37.2],[21.692,37.309],[21.679,37.387],[21.571,37.541],[21.416,37.64],[21.329,37.669],[21.288,37.775],[21.205,37.829],[21.138,37.854],[21.125,37.892],[21.145,37.919],[21.308,38.027],[21.404,38.197],[21.451,38.205],[21.549,38.165],[21.658,38.175],[21.748,38.274],[21.825,38.328],[21.953,38.321],[22.244,38.189],[22.556,38.113],[22.712,38.047],[22.8,37.981],[22.846,37.968],[22.92,37.958],[22.917,38.007],[22.893,38.051],[22.955,38.075],[23.122,38.073],[23.153,38.096],[23.183,38.134],[23.149,38.176],[23.094,38.196],[23.034,38.202],[22.995,38.216],[22.933,38.202],[22.834,38.235],[22.784,38.262],[22.754,38.29],[22.583,38.345],[22.422,38.439],[22.385,38.386],[22.32,38.357],[22.227,38.353],[21.965,38.412],[21.805,38.367],[21.717,38.355],[21.65,38.354],[21.568,38.334],[21.473,38.321],[21.39,38.408],[21.355,38.475],[21.331,38.487],[21.33,38.424],[21.303,38.374],[21.183,38.346],[21.113,38.385],[21.06,38.503],[20.992,38.654],[20.873,38.776],[20.777,38.808],[20.769,38.874],[20.777,38.928],[20.893,38.941],[21.074,38.885],[21.112,38.896],[21.152,38.922],[21.145,38.979],[21.118,39.03],[21.069,39.032],[21.034,39.026],[20.923,39.037],[20.78,39.009],[20.713,39.035],[20.691,39.067],[20.572,39.148],[20.468,39.255],[20.301,39.327],[20.191,39.546],[20.099,39.641],[20.001,39.709],[19.996,39.801],[19.965,39.872],[19.852,40.044],[19.485,40.21],[19.398,40.285],[19.36,40.348],[19.322,40.407],[19.359,40.409],[19.395,40.394],[19.441,40.376],[19.459,40.405],[19.439,40.47],[19.345,40.622],[19.337,40.664],[19.384,40.791],[19.461,40.933],[19.456,41.106],[19.48,41.236],[19.453,41.321],[19.441,41.425],[19.497,41.563],[19.546,41.597],[19.576,41.64],[19.578,41.788],[19.468,41.856],[19.342,41.869],[19.186,41.949],[19.122,42.06],[18.894,42.249],[18.633,42.378],[18.619,42.398],[18.633,42.423],[18.646,42.443],[18.592,42.444],[18.554,42.429],[18.517,42.433],[18.333,42.528],[18.161,42.634],[17.824,42.797],[17.585,42.837],[17.258,42.968],[17.045,43.015],[17.126,43.026],[17.22,43.026],[17.724,42.851],[17.668,42.897],[17.585,42.938],[17.537,42.962],[17.33,43.115],[17.129,43.211],[16.903,43.392],[16.6,43.464],[16.394,43.543],[16.269,43.531],[16.131,43.506],[16.046,43.506],[15.986,43.52],[15.943,43.569],[15.949,43.607],[15.942,43.657],[15.821,43.736],[15.656,43.811],[15.499,43.909],[15.186,44.172],[15.123,44.257],[15.185,44.273],[15.231,44.271],[15.284,44.289],[15.37,44.289],[15.471,44.272],[15.381,44.328],[15.27,44.383],[14.981,44.603],[14.895,44.707],[14.885,44.818],[14.907,44.971],[14.855,45.081],[14.632,45.223],[14.55,45.298],[14.386,45.342],[14.313,45.338],[14.269,45.283],[14.236,45.16],[14.091,44.998],[14.042,44.927],[13.966,44.836],[13.9,44.829],[13.861,44.837],[13.742,44.992],[13.629,45.108],[13.613,45.163],[13.603,45.231],[13.517,45.482],[13.578,45.517],[13.637,45.536],[13.72,45.588],[13.783,45.627],[13.628,45.771],[13.558,45.771],[13.465,45.71],[13.206,45.771],[13.157,45.747],[13.12,45.698],[13.03,45.638],[12.903,45.611],[12.761,45.544],[12.612,45.497],[12.498,45.462],[12.432,45.468],[12.536,45.545],[12.492,45.546],[12.354,45.492],[12.274,45.446],[12.249,45.369],[12.226,45.242],[12.286,45.208],[12.392,45.04],[12.523,44.968],[12.498,44.899],[12.464,44.845],[12.384,44.798],[12.319,44.833],[12.279,44.832],[12.248,44.723],[12.305,44.429],[12.396,44.224],[12.487,44.134],[12.691,43.995],[12.907,43.921],[13.295,43.686],[13.508,43.612],[13.564,43.571],[13.693,43.39],[13.805,43.18],[13.925,42.852],[14.01,42.69],[14.183,42.506],[14.541,42.244],[14.866,42.053],[15.169,41.934],[15.405,41.913],[15.964,41.939],[16.062,41.928],[16.165,41.896],[16.189,41.814],[16.151,41.758],[16.034,41.701],[15.914,41.621],[15.9,41.512],[16.013,41.435],[16.552,41.232],[17.103,41.062],[17.275,40.975],[17.474,40.841],[17.955,40.655],[18.036,40.565],[18.328,40.371],[18.461,40.221],[18.486,40.105],[18.423,39.987],[18.393,39.904],[18.344,39.821],[18.219,39.853],[18.078,39.937],[17.865,40.28],[17.476,40.315],[17.396,40.34],[17.258,40.399],[17.249,40.438],[17.215,40.486],[17.18,40.503],[17.031,40.513],[16.928,40.458],[16.807,40.326],[16.67,40.137],[16.53,39.86],[16.522,39.748],[16.598,39.639],[16.824,39.578],[16.999,39.482],[17.115,39.381],[17.123,39.137],[17.175,38.998],[17.099,38.919],[16.951,38.94],[16.755,38.89],[16.617,38.8],[16.559,38.715],[16.574,38.494],[16.546,38.409],[16.282,38.25],[16.144,38.086],[16.11,38.019],[16.057,37.942],[15.725,37.939],[15.646,38.034],[15.643,38.175],[15.7,38.262],[15.822,38.303],[15.905,38.483],[15.879,38.614],[15.927,38.672],[15.972,38.713],[16.066,38.736],[16.197,38.759],[16.21,38.941],[16.107,39.024],[16.071,39.139],[16.024,39.354],[15.854,39.627],[15.764,39.87],[15.693,39.99],[15.585,40.053],[15.391,40.052],[15.295,40.07],[14.951,40.239],[14.927,40.265],[14.929,40.31],[14.986,40.377],[14.948,40.469],[14.907,40.556],[14.84,40.63],[14.766,40.668],[14.611,40.645],[14.557,40.626],[14.459,40.633],[14.383,40.6],[14.34,40.599],[14.461,40.729],[14.428,40.759],[14.309,40.813],[14.147,40.821],[14.102,40.827],[14.076,40.794],[14.044,40.812],[14.048,40.87],[13.86,41.13],[13.733,41.236],[13.67,41.254],[13.555,41.232],[13.362,41.279],[13.247,41.289],[13.183,41.278],[13.089,41.244],[13.041,41.266],[13.024,41.301],[12.849,41.409],[12.631,41.47],[12.206,41.813],[12.075,41.941],[11.807,42.082],[11.637,42.288],[11.498,42.363],[11.296,42.423],[11.25,42.416],[11.189,42.393],[11.141,42.39],[11.103,42.417],[11.142,42.444],[11.185,42.457],[11.168,42.535],[10.938,42.739],[10.803,42.804],[10.765,42.845],[10.737,42.9],[10.708,42.936],[10.645,42.957],[10.59,42.954],[10.515,42.968],[10.517,43.065],[10.532,43.14],[10.521,43.204],[10.448,43.371],[10.321,43.513],[10.246,43.852],[10.188,43.948],[10.048,44.02],[9.731,44.101],[9.289,44.319],[9.196,44.323],[8.93,44.408],[8.766,44.422],[8.552,44.346],[8.292,44.137],[8.082,43.919],[8.005,43.877],[7.733,43.803],[7.493,43.767],[7.262,43.696],[7.181,43.659],[6.865,43.438],[6.717,43.374],[6.687,43.335],[6.657,43.262],[6.57,43.199],[6.494,43.169],[6.305,43.139],[6.116,43.072],[6.031,43.101],[5.809,43.098],[5.672,43.178],[5.407,43.229],[5.32,43.345],[5.2,43.352],[5.12,43.349],[5.073,43.367],[5.061,43.406],[5.06,43.445],[4.976,43.427],[4.912,43.427],[4.874,43.412],[4.844,43.394],[4.808,43.405],[4.787,43.401],[4.789,43.379],[4.712,43.373],[4.629,43.387],[4.41,43.447],[4.376,43.456],[4.224,43.48],[4.163,43.504],[4.113,43.563],[4.075,43.582],[4.053,43.593],[3.911,43.563],[3.862,43.516],[3.785,43.462],[3.259,43.193],[3.163,43.081],[3.052,42.915],[3.043,42.838],[3.091,42.591],[3.198,42.461],[3.211,42.431],[3.24,42.368],[3.288,42.344],[3.307,42.289],[3.219,42.26],[3.166,42.256],[3.15,42.162],[3.175,42.136],[3.225,42.111],[3.238,42.082],[3.248,41.944],[3.147,41.861],[3.005,41.767],[2.311,41.467],[2.146,41.321],[2.083,41.287],[1.567,41.196],[1.206,41.098],[1.033,41.062],[0.817,40.892],[0.715,40.823],[0.796,40.804],[0.891,40.722],[0.859,40.686],[0.721,40.63],[0.66,40.613],[0.627,40.622],[0.596,40.615],[0.364,40.319],[0.158,40.107],[0.043,40.014],[-0.075,39.876],[-0.327,39.52],[-0.329,39.417],[-0.205,39.063],[-0.134,38.969],[-0.034,38.891],[0.155,38.825],[0.202,38.759],[0.136,38.697],[-0.053,38.586],[-0.381,38.436],[-0.521,38.317],[-0.551,38.203],[-0.647,38.152],[-0.683,37.992],[-0.742,37.886],[-0.753,37.85],[-0.815,37.77],[-0.823,37.712],[-0.722,37.631],[-0.772,37.596],[-0.822,37.581],[-0.938,37.571],[-1.328,37.561],[-1.641,37.387],[-1.798,37.233],[-1.939,36.946],[-2.112,36.777],[-2.188,36.745],[-2.306,36.82],[-2.453,36.831],[-2.596,36.806],[-2.671,36.748],[-2.788,36.715],[-2.902,36.743],[-3.149,36.758],[-3.259,36.756],[-3.431,36.708],[-3.579,36.74],[-3.828,36.756],[-4.367,36.718],[-4.435,36.7],[-4.502,36.629],[-4.674,36.506],[-4.935,36.502],[-5.171,36.424],[-5.231,36.374],[-5.33,36.236],[-5.361,36.135],[-5.382,36.134],[-5.407,36.159],[-5.444,36.151],[-5.463,36.074],[-5.551,36.039],[-5.625,36.026],[-5.808,36.088],[-5.961,36.182],[-6.041,36.188],[-6.17,36.334],[-6.226,36.426],[-6.266,36.527],[-6.258,36.565],[-6.269,36.597],[-6.384,36.637],[-6.412,36.729],[-6.328,36.848],[-6.259,36.899],[-6.217,36.914],[-6.321,36.908],[-6.396,36.832],[-6.492,36.955],[-6.885,37.194],[-6.859,37.249],[-6.864,37.279],[-6.929,37.215],[-6.975,37.198],[-7.175,37.209],[-7.406,37.179],[-7.494,37.168],[-7.834,37.006],[-7.94,37.005],[-8.137,37.077],[-8.484,37.1],[-8.598,37.121],[-8.739,37.075],[-8.848,37.076],[-8.935,37.016],[-8.998,37.032],[-8.926,37.166],[-8.814,37.431],[-8.819,37.592],[-8.792,37.733],[-8.823,37.872],[-8.879,37.959],[-8.802,38.184],[-8.811,38.3],[-8.881,38.447],[-8.668,38.424],[-8.734,38.482],[-8.799,38.518],[-8.862,38.51],[-8.915,38.512],[-9.096,38.455],[-9.187,38.438],[-9.213,38.448],[-9.203,38.539],[-9.25,38.657],[-9.178,38.688],[-9.093,38.697],[-9.021,38.747],[-8.977,38.803],[-9.0,38.903],[-8.938,38.998],[-8.792,39.078],[-8.867,39.066],[-8.954,39.016],[-9.091,38.835],[-9.136,38.743],[-9.252,38.713],[-9.357,38.698],[-9.41,38.708],[-9.474,38.731],[-9.48,38.799],[-9.475,38.853],[-9.431,38.96],[-9.414,39.112],[-9.353,39.248],[-9.357,39.284],[-9.375,39.338],[-9.32,39.391],[-9.251,39.426],[-9.148,39.543],[-9.004,39.821],[-8.838,40.116],[-8.851,40.152],[-8.887,40.179],[-8.873,40.259],[-8.772,40.606],[-8.732,40.651],[-8.685,40.753],[-8.674,40.917],[-8.656,41.029],[-8.66,41.086],[-8.675,41.154],[-8.738,41.285],[-8.806,41.56],[-8.811,41.652],[-8.755,41.698],[-8.846,41.705],[-8.888,41.765],[-8.878,41.832],[-8.777,41.941],[-8.852,41.927],[-8.878,41.947],[-8.887,42.105],[-8.772,42.211],[-8.691,42.274],[-8.729,42.287],[-8.816,42.285],[-8.81,42.334],[-8.769,42.358],[-8.73,42.412],[-8.776,42.435],[-8.812,42.47],[-8.81,42.562],[-8.8,42.6],[-8.812,42.64],[-8.988,42.586],[-9.033,42.594],[-9.035,42.662],[-8.937,42.767],[-8.927,42.799],[-9.042,42.814],[-9.127,42.865],[-9.179,42.911],[-9.235,42.977],[-9.236,43.036],[-9.178,43.174],[-9.096,43.214],[-9.025,43.239],[-8.874,43.334],[-8.666,43.317],[-8.537,43.337],[-8.422,43.386],[-8.355,43.397],[-8.249,43.439],[-8.252,43.497],[-8.289,43.54],[-8.257,43.58],[-8.137,43.629],[-8.005,43.694],[-7.853,43.707],[-7.698,43.765],[-7.595,43.727],[-7.504,43.74],[-7.399,43.696],[-7.262,43.595],[-7.061,43.554],[-6.901,43.586],[-6.617,43.592],[-6.476,43.579],[-6.224,43.604],[-6.08,43.595],[-5.847,43.645],[-5.666,43.582],[-5.316,43.553],[-5.105,43.502],[-4.523,43.416],[-4.313,43.415],[-4.015,43.463],[-3.889,43.499],[-3.774,43.478],[-3.605,43.519],[-3.524,43.511],[-3.418,43.452],[-3.046,43.372],[-2.948,43.44],[-2.875,43.454],[-2.607,43.413],[-2.337,43.328],[-2.197,43.322],[-1.991,43.345],[-1.829,43.401],[-1.794,43.407],[-1.631,43.438],[-1.485,43.564],[-1.346,44.02],[-1.246,44.56],[-1.171,44.662],[-1.077,44.69],[-1.153,44.764],[-1.2,44.726],[-1.22,44.687],[-1.245,44.667],[-1.189,45.161],[-1.149,45.343],[-1.081,45.532],[-0.942,45.457],[-0.826,45.381],[-0.767,45.314],[-0.691,45.093],[-0.634,45.047],[-0.548,45.001],[-0.582,45.051],[-0.641,45.09],[-0.733,45.385],[-0.791,45.468],[-0.881,45.538],[-1.17,45.686],[-1.196,45.714],[-1.21,45.771],[-1.114,45.769],[-1.032,45.741],[-1.042,45.773],[-1.066,45.806],[-1.104,45.925],[-1.136,46.205],[-1.132,46.253],[-1.146,46.311],[-1.239,46.325],[-1.313,46.327],[-1.392,46.35],[-1.787,46.515],[-1.921,46.685],[-2.059,46.81],[-2.092,46.865],[-2.09,46.921],[-2.019,47.038],[-2.082,47.112],[-2.144,47.126],[-2.197,47.163],[-2.149,47.224],[-2.108,47.263],[-2.028,47.274],[-1.922,47.261],[-1.821,47.225],[-1.743,47.216],[-1.975,47.311],[-2.353,47.279],[-2.434,47.291],[-2.503,47.312],[-2.53,47.382],[-2.476,47.413],[-2.428,47.471],[-2.483,47.512],[-2.554,47.527],[-2.666,47.526],[-2.77,47.514],[-2.797,47.537],[-2.733,47.602],[-2.787,47.626],[-2.859,47.614],[-2.964,47.601],[-3.064,47.621],[-3.159,47.695],[-3.222,47.694],[-3.265,47.685],[-3.329,47.713],[-3.396,47.72],[-3.444,47.711],[-3.508,47.753],[-3.901,47.838],[-4.071,47.848],[-4.226,47.81],[-4.312,47.823],[-4.375,47.877],[-4.428,47.969],[-4.679,48.04],[-4.629,48.086],[-4.512,48.097],[-4.378,48.129],[-4.329,48.17],[-4.435,48.218],[-4.512,48.23],[-4.544,48.247],[-4.577,48.29],[-4.531,48.31],[-4.498,48.299],[-4.403,48.293],[-4.241,48.304],[-4.302,48.347],[-4.364,48.357],[-4.393,48.368],[-4.525,48.372],[-4.585,48.358],[-4.719,48.363],[-4.749,48.41],[-4.763,48.45],[-4.721,48.54],[-4.531,48.62],[-4.059,48.708],[-3.856,48.695],[-3.715,48.71],[-3.546,48.766],[-3.471,48.813],[-3.231,48.841],[-3.003,48.791],[-2.793,48.601],[-2.692,48.537],[-2.446,48.648],[-2.079,48.645],[-2.004,48.582],[-1.973,48.635],[-1.906,48.697],[-1.852,48.669],[-1.825,48.631],[-1.438,48.641],[-1.376,48.653],[-1.48,48.698],[-1.565,48.806],[-1.583,49.202],[-1.69,49.313],[-1.813,49.49],[-1.87,49.595],[-1.875,49.631],[-1.856,49.684],[-1.705,49.681],[-1.588,49.668],[-1.366,49.707],[-1.259,49.68],[-1.265,49.598],[-1.232,49.495],[-1.195,49.445],[-1.139,49.388],[-0.959,49.393],[-0.766,49.36],[-0.521,49.355],[-0.163,49.297],[-0.011,49.33],[0.136,49.402],[0.417,49.448],[0.439,49.473],[0.278,49.463],[0.129,49.508],[0.109,49.558],[0.127,49.602],[0.187,49.703],[0.616,49.863],[0.924,49.91],[1.246,49.998],[1.407,50.089],[1.514,50.205],[1.548,50.231],[1.593,50.252],[1.552,50.294],[1.579,50.739],[1.61,50.819],[1.672,50.885],[1.768,50.936],[1.913,50.991],[2.446,51.067],[2.525,51.097],[2.96,51.265],[3.225,51.352],[3.35,51.378],[3.426,51.394],[3.589,51.399],[3.717,51.369],[3.883,51.354],[4.011,51.396],[4.112,51.361],[4.226,51.386],[4.139,51.402],[4.007,51.443],[3.822,51.409],[3.694,51.45],[3.587,51.454],[3.521,51.486],[3.449,51.541],[3.5,51.577],[3.549,51.589],[3.744,51.596],[3.886,51.574],[4.141,51.456],[4.206,51.457],[4.274,51.472],[4.239,51.504],[4.175,51.519],[4.08,51.551],[4.005,51.596],[4.183,51.61],[4.158,51.633],[4.135,51.673],[3.947,51.811],[3.979,51.848],[4.026,51.928],[4.085,51.994],[4.132,52.012],[4.209,52.059],[4.376,52.197],[4.483,52.309],[4.562,52.443],[4.678,52.81],[4.713,52.872],[4.769,52.941],[4.839,52.928],[4.888,52.908],[5.061,52.961],[5.358,53.096],[5.446,53.214],[5.532,53.269],[5.874,53.375],[6.062,53.407],[6.353,53.415],[6.564,53.434],[6.816,53.441],[6.912,53.375],[6.968,53.327],[7.058,53.301],[7.197,53.282],[7.152,53.327],[7.053,53.376],[7.074,53.478],[7.107,53.557],[7.206,53.655],[7.285,53.681],[7.629,53.697],[8.009,53.691],[8.167,53.543],[8.108,53.468],[8.201,53.432],[8.245,53.445],[8.279,53.511],[8.302,53.584],[8.334,53.606],[8.451,53.552],[8.493,53.514],[8.495,53.394],[8.538,53.557],[8.506,53.671],[8.528,53.781],[8.576,53.838],[8.619,53.875],[8.898,53.836],[9.206,53.856],[9.322,53.813],[9.585,53.6],[9.673,53.566],[9.784,53.555],[9.631,53.6],[9.312,53.859],[9.216,53.891],[9.07,53.901],[8.978,53.926],[8.92,53.965],[8.904,54.0],[8.907,54.261],[8.852,54.3],[8.78,54.313],[8.736,54.295],[8.645,54.295],[8.626,54.354],[8.648,54.398],[8.831,54.428],[8.952,54.468],[8.957,54.538],[8.881,54.594],[8.79,54.696],[8.682,54.792],[8.661,54.986],[8.638,55.046],[8.573,55.134],[8.67,55.156],[8.651,55.329],[8.616,55.418],[8.345,55.51],[8.132,55.6],[8.181,55.901],[8.202,55.982],[8.121,56.14],[8.13,56.321],[8.164,56.607],[8.232,56.618],[8.281,56.617],[8.473,56.565],[8.553,56.56],[8.608,56.515],[8.672,56.496],[8.718,56.544],[8.736,56.627],[8.888,56.735],[8.995,56.775],[9.067,56.794],[9.14,56.75],[9.196,56.702],[9.21,56.808],[9.255,57.012],[9.11,57.044],[8.993,57.016],[8.876,56.887],[8.772,56.725],[8.603,56.71],[8.468,56.665],[8.347,56.712],[8.268,56.754],[8.266,56.815],[8.284,56.852],[8.427,56.984],[8.619,57.111],[8.812,57.11],[8.952,57.151],[9.036,57.155],[9.299,57.147],[9.434,57.174],[9.554,57.232],[9.815,57.478],[9.962,57.581],[10.259,57.617],[10.533,57.735],[10.61,57.737],[10.481,57.649],[10.46,57.615],[10.445,57.562],[10.537,57.449],[10.518,57.379],[10.524,57.243],[10.437,57.172],[10.338,57.021],[10.296,56.999],[10.287,56.823],[10.297,56.781],[10.283,56.621],[10.384,56.555],[10.49,56.521],[10.846,56.522],[10.883,56.493],[10.926,56.443],[10.894,56.359],[10.856,56.296],[10.753,56.242],[10.621,56.202],[10.539,56.2],[10.427,56.276],[10.374,56.252],[10.319,56.213],[10.227,56.005],[10.183,55.865],[10.159,55.854],[10.107,55.874],[10.017,55.876],[9.904,55.843],[9.962,55.813],[10.024,55.761],[9.999,55.736],[9.899,55.708],[9.81,55.651],[9.773,55.608],[9.661,55.557],[9.591,55.493],[9.626,55.414],[9.64,55.344],[9.671,55.266],[9.643,55.205],[9.505,55.116],[9.454,55.04],[9.572,55.041],[9.645,55.023],[9.688,55.0],[9.732,54.968],[9.705,54.928],[9.746,54.807],[9.892,54.781],[9.954,54.738],[10.022,54.674],[10.029,54.581],[9.941,54.515],[9.869,54.472],[10.143,54.488],[10.171,54.45],[10.212,54.409],[10.36,54.438],[10.732,54.316],[10.956,54.376],[11.013,54.379],[11.064,54.281],[11.009,54.181],[10.811,54.075],[10.855,54.01],[10.918,53.995],[11.104,54.009],[11.4,53.945],[11.461,53.965],[11.701,54.114],[11.796,54.145],[12.111,54.168],[12.169,54.226],[12.296,54.284],[12.379,54.347],[12.575,54.467],[12.779,54.446],[12.898,54.423],[13.029,54.411],[13.147,54.283],[13.448,54.141],[13.724,54.153],[13.822,54.019],[13.866,53.853],[13.95,53.801],[14.025,53.767],[14.25,53.732],[14.488,53.672],[14.583,53.639],[14.572,53.676],[14.552,53.707],[14.565,53.754],[14.558,53.823],[14.351,53.859],[14.172,53.874],[14.048,53.863],[13.926,53.879],[13.902,53.939],[13.922,53.997],[13.872,54.036],[13.827,54.06],[13.82,54.093],[13.828,54.127],[14.039,54.035],[14.211,53.95],[14.249,53.932],[14.384,53.925],[14.716,54.018],[15.288,54.14],[15.9,54.254],[16.043,54.266],[16.186,54.29],[16.239,54.333],[16.292,54.362],[16.376,54.437],[16.56,54.554],[16.885,54.596],[17.007,54.652],[17.262,54.73],[17.843,54.817],[18.086,54.836],[18.323,54.838],[18.535,54.769],[18.759,54.685],[18.8,54.633],[18.678,54.665],[18.502,54.742],[18.436,54.745],[18.587,54.513],[18.67,54.431],[18.836,54.37],[18.976,54.349],[19.407,54.386],[19.56,54.435],[19.604,54.459],[19.758,54.545],[19.859,54.634],[19.944,54.75],[19.953,54.83],[19.975,54.921],[20.108,54.956],[20.397,54.951],[20.52,54.995],[20.679,55.103],[20.846,55.232],[20.9,55.287],[21.014,55.402],[21.058,55.477],[21.088,55.583],[21.115,55.617],[21.116,55.568],[21.104,55.488],[21.032,55.35],[20.859,55.184],[20.595,54.982],[20.678,54.956],[20.774,54.947],[20.887,54.909],[20.996,54.903],[21.189,54.935],[21.223,55.108],[21.236,55.271],[21.201,55.344],[21.238,55.455],[21.171,55.618],[21.062,55.813],[21.054,56.023],[21.046,56.07],[21.015,56.259],[21.031,56.637],[21.071,56.824],[21.257,56.933],[21.351,57.018],[21.405,57.131],[21.421,57.236],[21.459,57.322],[21.729,57.571],[21.942,57.598],[22.231,57.667],[22.555,57.724],[22.617,57.651],[22.649,57.595],[23.038,57.392],[23.137,57.324],[23.287,57.09],[23.648,56.971],[23.931,57.008],[24.054,57.066],[24.281,57.172],[24.383,57.25],[24.403,57.325],[24.363,57.645],[24.302,57.784],[24.323,57.871],[24.332,57.91],[24.464,58.106],[24.488,58.262],[24.536,58.283],[24.55,58.305],[24.529,58.354],[24.392,58.386],[24.337,58.381],[24.287,58.328],[24.236,58.29],[24.115,58.266],[24.011,58.307],[23.768,58.361],[23.706,58.433],[23.692,58.506],[23.563,58.576],[23.509,58.659],[23.531,58.716],[23.647,58.754],[23.681,58.787],[23.534,58.782],[23.504,58.79],[23.497,58.82],[23.432,58.921],[23.49,58.96],[23.515,58.999],[23.468,59.032],[23.48,59.07],[23.517,59.108],[23.494,59.196],[23.641,59.242],[23.783,59.275],[24.083,59.292],[24.054,59.372],[24.175,59.376],[24.38,59.473],[24.584,59.456],[24.878,59.522],[25.444,59.521],[25.521,59.559],[25.507,59.598],[25.509,59.639],[25.616,59.628],[25.794,59.635],[26.461,59.554],[26.625,59.554],[26.852,59.472],[26.975,59.451],[27.336,59.45],[27.893,59.414],[28.002,59.47],[28.012,59.484],[28.064,59.554],[28.046,59.647],[28.014,59.725],[28.058,59.782],[28.131,59.787],[28.212,59.725],[28.335,59.693],[28.424,59.734],[28.454,59.814],[28.518,59.85],[28.604,59.818],[28.748,59.807],[28.867,59.812],[28.947,59.829],[28.982,59.855],[29.013,59.902],[29.079,59.961],[29.147,60.0],[29.67,59.956],[30.123,59.874],[30.157,59.904],[30.173,59.957],[30.06,60.003],[29.977,60.026],[29.872,60.121],[29.721,60.195],[29.569,60.202],[29.37,60.176],[29.069,60.191],[28.813,60.332],[28.643,60.375],[28.522,60.483],[28.492,60.54],[28.622,60.492],[28.64,60.543],[28.651,60.611],[28.578,60.653],[28.513,60.677],[28.179,60.571],[27.798,60.536],[27.762,60.533],[27.669,60.499],[27.525,60.491],[27.462,60.465],[27.242,60.539],[27.205,60.543],[27.076,60.525],[26.951,60.471],[26.721,60.455],[26.607,60.438],[26.535,60.413],[26.52,60.472],[26.551,60.546],[26.602,60.596],[26.606,60.628],[26.569,60.625],[26.496,60.552],[26.456,60.467],[26.378,60.424],[26.205,60.407],[26.036,60.475],[25.956,60.474],[26.006,60.425],[26.04,60.372],[26.036,60.342],[25.946,60.347],[25.846,60.315],[25.758,60.268],[25.715,60.267],[25.656,60.333],[25.548,60.302],[25.456,60.261],[25.268,60.248],[25.156,60.194],[24.958,60.157],[24.849,60.158],[24.6,60.114],[24.518,60.046],[24.446,60.021],[24.343,60.042],[24.025,60.009],[23.722,59.966],[23.593,59.968],[23.464,59.986],[23.327,59.926],[23.181,59.845],[23.021,59.816],[22.964,59.826],[23.01,59.869],[23.116,59.913],[23.188,59.972],[23.198,60.022],[23.148,60.041],[23.08,60.047],[22.994,60.099],[22.912,60.21],[22.867,60.216],[22.844,60.187],[22.819,60.101],[22.793,60.077],[22.75,60.057],[22.697,60.038],[22.646,60.028],[22.463,60.029],[22.439,60.072],[22.439,60.09],[22.471,60.147],[22.443,60.157],[22.47,60.201],[22.513,60.199],[22.564,60.206],[22.59,60.228],[22.588,60.256],[22.517,60.263],[22.512,60.281],[22.576,60.359],[22.585,60.381],[22.56,60.385],[22.521,60.377],[22.258,60.401],[21.934,60.5],[21.854,60.505],[21.805,60.594],[21.727,60.583],[21.613,60.531],[21.528,60.57],[21.436,60.596],[21.411,60.637],[21.412,60.697],[21.404,60.767],[21.379,60.85],[21.361,60.967],[21.378,61.059],[21.451,61.127],[21.479,61.171],[21.513,61.281],[21.521,61.411],[21.502,61.455],[21.507,61.484],[21.565,61.484],[21.552,61.51],[21.527,61.523],[21.498,61.552],[21.522,61.567],[21.592,61.568],[21.598,61.578],[21.606,61.592],[21.552,61.667],[21.546,61.703],[21.471,61.812],[21.385,61.915],[21.256,61.99],[21.302,62.113],[21.354,62.224],[21.343,62.277],[21.323,62.343],[21.166,62.414],[21.142,62.515],[21.104,62.623],[21.118,62.689],[21.144,62.74],[21.196,62.791],[21.458,62.95],[21.474,63.033],[21.651,63.039],[21.569,63.114],[21.549,63.156],[21.545,63.204],[21.8,63.238],[21.896,63.21],[22.12,63.244],[22.32,63.31],[22.316,63.346],[22.286,63.377],[22.243,63.438],[22.273,63.455],[22.346,63.442],[22.313,63.473],[22.319,63.504],[22.398,63.491],[22.528,63.58],[22.532,63.648],[22.756,63.683],[23.014,63.822],[23.134,63.865],[23.249,63.896],[23.494,64.034],[23.599,64.041],[23.653,64.134],[23.861,64.258],[23.925,64.274],[24.022,64.386],[24.278,64.515],[24.441,64.68],[24.53,64.739],[24.558,64.801],[24.658,64.806],[24.748,64.852],[24.942,64.884],[25.134,64.875],[25.214,64.853],[25.288,64.86],[25.281,64.916],[25.228,64.951],[25.271,64.984],[25.373,65.009],[25.362,65.065],[25.34,65.099],[25.256,65.143],[25.298,65.243],[25.308,65.353],[25.348,65.479],[25.242,65.546],[24.839,65.66],[24.764,65.656],[24.675,65.671],[24.582,65.757],[24.623,65.832],[24.628,65.859],[24.592,65.858],[24.533,65.822],[24.404,65.78],[24.238,65.812],[24.155,65.805],[23.891,65.782],[23.691,65.829],[23.592,65.805],[23.418,65.804],[23.221,65.786],[23.155,65.75],[23.102,65.735],[22.919,65.786],[22.747,65.871],[22.62,65.807],[22.539,65.794],[22.465,65.853],[22.401,65.862],[22.366,65.843],[22.336,65.791],[22.288,65.751],[22.275,65.725],[22.267,65.622],[22.254,65.598],[22.086,65.611],[22.096,65.584],[22.133,65.57],[22.148,65.553],[22.087,65.53],[21.92,65.532],[21.903,65.508],[21.95,65.47],[21.913,65.437],[21.88,65.424],[21.681,65.403],[21.566,65.408],[21.533,65.387],[21.523,65.359],[21.545,65.331],[21.596,65.317],[21.613,65.299],[21.609,65.261],[21.567,65.255],[21.447,65.321],[21.41,65.317],[21.438,65.283],[21.506,65.245],[21.546,65.207],[21.581,65.161],[21.574,65.126],[21.425,65.013],[21.294,64.941],[21.196,64.877],[21.138,64.809],[21.205,64.774],[21.279,64.725],[21.332,64.629],[21.394,64.544],[21.52,64.463],[21.494,64.416],[21.465,64.38],[21.256,64.299],[21.018,64.178],[20.763,63.868],[20.678,63.826],[20.454,63.774],[20.371,63.723],[20.205,63.662],[19.914,63.611],[19.782,63.538],[19.722,63.463],[19.656,63.458],[19.59,63.487],[19.502,63.509],[19.491,63.46],[19.495,63.424],[19.354,63.477],[19.288,63.429],[19.236,63.347],[19.034,63.238],[18.817,63.257],[18.792,63.238],[18.85,63.224],[18.859,63.207],[18.819,63.197],[18.76,63.198],[18.667,63.177],[18.606,63.178],[18.578,63.126],[18.531,63.064],[18.408,63.038],[18.344,63.032],[18.313,62.996],[18.502,62.989],[18.487,62.959],[18.483,62.928],[18.463,62.896],[18.248,62.849],[18.215,62.812],[18.17,62.789],[18.074,62.791],[18.078,62.812],[18.094,62.836],[17.951,62.834],[17.907,62.887],[17.88,62.873],[17.896,62.831],[17.933,62.786],[17.974,62.721],[17.941,62.68],[17.903,62.659],[17.93,62.641],[18.007,62.626],[18.037,62.601],[17.947,62.578],[17.834,62.503],[17.718,62.501],[17.646,62.451],[17.571,62.451],[17.509,62.483],[17.41,62.508],[17.378,62.463],[17.373,62.427],[17.429,62.335],[17.535,62.264],[17.634,62.233],[17.563,62.212],[17.51,62.166],[17.447,62.023],[17.412,61.966],[17.375,61.866],[17.398,61.782],[17.417,61.741],[17.465,61.684],[17.335,61.692],[17.196,61.725],[17.216,61.656],[17.131,61.576],[17.147,61.505],[17.164,61.458],[17.138,61.382],[17.178,61.358],[17.2,61.312],[17.164,61.278],[17.18,61.249],[17.186,61.147],[17.213,60.986],[17.203,60.952],[17.279,60.812],[17.261,60.763],[17.251,60.701],[17.36,60.641],[17.457,60.642],[17.555,60.643],[17.593,60.628],[17.631,60.585],[17.661,60.535],[17.742,60.539],[17.872,60.58],[17.956,60.59],[18.011,60.511],[18.163,60.408],[18.25,60.362],[18.4,60.337],[18.558,60.254],[18.535,60.153],[18.601,60.119],[18.787,60.079],[18.853,60.026],[18.884,59.98],[18.933,59.942],[18.99,59.828],[18.971,59.757],[18.896,59.733],[18.719,59.657],[18.64,59.601],[18.578,59.566],[18.402,59.49],[18.338,59.477],[18.276,59.438],[18.217,59.421],[18.164,59.43],[17.964,59.359],[17.98,59.329]]]}},{"type":"Feature","properties":{},"geometry":{"type":"Polygon","coordinates":[[[72.78,11.202],[72.773,11.196],[72.772,11.214],[72.782,11.243],[72.793,11.263],[72.796,11.26],[72.793,11.242],[72.788,11.216],[72.78,11.202]]]}},{"type":"Feature","properties":{},"geometry":{"type":"Polygon","coordinates":[[[73.067,8.269],[73.053,8.257],[73.039,8.252],[73.029,8.254],[73.023,8.266],[73.026,8.275],[73.039,8.265],[73.056,8.275],[73.075,8.306],[73.079,8.317],[73.084,8.311],[73.08,8.293],[73.067,8.269]]]}},{"type":"Feature","properties":{},"geometry":{"type":"Polygon","coordinates":[[[73.417,3.231],[73.395,3.229],[73.382,3.246],[73.385,3.271],[73.402,3.289],[73.428,3.29],[73.443,3.274],[73.435,3.25],[73.417,3.231]]]}},{"type":"Feature","properties":{},"geometry":{"type":"Polygon","coordinates":[[[73.512,4.165],[73.495,4.155],[73.479,4.159],[73.473,4.171],[73.481,4.188],[73.495,4.21],[73.504,4.235],[73.518,4.248],[73.528,4.243],[73.527,4.23],[73.522,4.211],[73.519,4.187],[73.512,4.165]]]}},{"type":"Feature","properties":{},"geometry":{"type":"Polygon","coordinates":[[[54.465,24.443],[54.457,24.423],[54.428,24.425],[54.358,24.443],[54.335,24.471],[54.379,24.505],[54.398,24.506],[54.427,24.471],[54.465,24.443]]]}}]}